X,Y,RECORRIDO,CENTROIDE,CRUCE,ÃREA
-58.4817117081919,-34.5441061601611,R001,600.000000,DEHEZA@PINTO,Barrios
-58.4801052375591,-34.5445409275037,R001,601.000000,ARIAS@QUINTANA,Barrios
-58.4787037952619,-34.5450245927835,R001,602.000000,RAMALLO@ZAPIOLA,Barrios
-58.4772946790499,-34.545521201106,R001,603.000000,CORREA@CONESA,Barrios
-58.475888864249,-34.546015258052,R001,604.000000,RUIZ HUIDOBRO@CRAMER,Barrios
-58.4682601762744,-34.5397992790837,R002,605.000000,GRECIA@ARIAS,Barrios
-58.4686533706577,-34.5410024172755,R002,606.000000,RAMALLO@O'HIGGINS,Barrios
-58.4690110894849,-34.5422552052379,R002,607.000000,CORREA@ARCOS,Barrios
-58.4693652442988,-34.5435015846315,R002,608.000000,RUIZ HUIDOBRO@CUBA,Barrios
-58.469782131321,-34.5446833072679,R002,609.000000,BESARES@VUELTA DE OBLIGADO,Barrios
-58.4604773481014,-34.5450934412806,R003,610.000000,"LARRALDE, CRISOLOGO@ARRIBEÃƒÂOS",Barrios
-58.460851047881,-34.5463660422066,R003,611.000000,NUNEZ@11 DE SEPTIEMBRE DE 1888,Barrios
-58.4612171843624,-34.5476099088945,R003,612.000000,AZURDUY JUANA@3 DE FEBRERO,Barrios
-58.462027380881,-34.5490871685348,R003,613.000000,"PEDRAZA, MANUELA@GRECIA",Barrios
-58.4628824634614,-34.5505716056641,R003,614.000000,CAMPOS SALLES@ARCOS,Barrios
-58.471016906763,-34.5521032949717,R004,615.000000,NUNEZ@VIDAL,Barrios
-58.4715881489217,-34.5545590016913,R004,616.000000,"PEDRAZA, MANUELA@CONESA",Barrios
-58.4715559720789,-34.5561629506245,R004,617.000000,"TAMBORINI, JOSE PASCUAL@ZAPIOLA",Barrios
-58.4719108400552,-34.5575890451365,R004,618.000000,"IBERA@FREIRE, RAMON, CAP. GRAL.",Barrios
-58.4726340109796,-34.5593090659667,R004,619.000000,QUESADA@CONDE,Barrios
-58.4911110596195,-34.5533724443,R005,624.000000,RUIZ HUIDOBRO@MACHAIN,Barrios
-58.4926179105524,-34.5530176311825,R005,623.000000,"CORREA@ACHA, MARIANO, Gral.",Barrios
-58.4940903813035,-34.5527196426267,R005,623.000000,RAMALLO@LUGONES,Barrios
-58.4955651390305,-34.5524215641387,R005,621.000000,ARIAS@MILLER,Barrios
-58.4970386961625,-34.5521257933111,R005,620.000000,DEHEZA@VALDENEGRO,Barrios
-58.4796850275423,-34.5645821858269,R006,629.000000,"LE BRETON, TOMAS A.@PLAZA",Barrios
-58.4793149574263,-34.5628640616669,R006,628.000000,QUESADA@TRONADOR,Barrios
-58.4790194500999,-34.5614553069829,R006,627.000000,IBERA@ESTOMBA,Barrios
-58.4787906742668,-34.5599542135103,R006,626.000000,"TAMBORINI, JOSE PASCUAL@NAON, ROMULO",Barrios
-58.4786854023279,-34.5583345066565,R006,625.000000,"PEDRAZA, MANUELA@WASHINGTON",Barrios
-58.46617107728,-34.5608164600894,R007,630.000000,ROOSEVELT FRANKLIN D.@CONESA,Barrios
-58.4627622843607,-34.5613941413936,R007,631.000000,BLANCO ENCALADA@VIDAL,Barrios
-58.4610635288984,-34.5618003453691,R007,632.000000,OLAZABAL@MOLDES,Barrios
-58.4593807624826,-34.5621934273369,R007,633.000000,MENDOZA@AMENABAR,Barrios
-58.4568544418954,-34.5635659986983,R007,634.000000,ECHEVERRIA@CIUDAD DE LA PAZ,Barrios
-58.4489005518803,-34.5574026183775,R008,735.000000,JURAMENTO@MONTAÃƒÂESES,Barrios
-58.4508699529114,-34.5571372491311,R008,736.000000,MENDOZA@ARRIBEÃƒÂOS,Barrios
-58.4530774980133,-34.5570545519739,R008,737.000000,"OLAZABAL@GOLFARINI, JUAN ANGEL, Dr.",Barrios
-58.4545021113426,-34.5564935036307,R008,738.000000,BLANCO ENCALADA@3 DE FEBRERO,Barrios
-58.4562067501695,-34.5560814045993,R008,739.000000,MONROE@O'HIGGINS,Barrios
-58.4391082641746,-34.5530100022331,R009,644.000000,ECHEVERRIA@RAMSAY,Barrios
-58.4410761498482,-34.5527273255342,R009,643.000000,DRAGONES@JURAMENTO,Barrios
-58.4430035048765,-34.5524461596964,R009,642.000000,MENDOZA@HUSARES,Barrios
-58.444876875402,-34.5521927037689,R009,641.000000,OLAZABAL@CAZADORES,Barrios
-58.4468157768259,-34.5519358466055,R009,640.000000,BLANCO ENCALADA@ARTILLEROS,Barrios
-58.4809031655268,-34.5711389862606,R010,639.000000,MONROE@MILLER,Barrios
-58.4793203020973,-34.5713292908958,R010,638.000000,BLANCO ENCALADA@LUGONES,Barrios
-58.4775797020803,-34.5717086159346,R010,637.000000,"OLAZABAL@ACHA, MARIANO, Gral.",Barrios
-58.4758044179106,-34.5719834793236,R010,636.000000,MENDOZA@DONADO,Barrios
-58.4741006478288,-34.5723228196056,R010,635.000000,JURAMENTO@HOLMBERG,Barrios
-58.4933131935008,-34.5700333588586,R011,650.000000,QUESADA@BUCARELLI,Barrios
-58.4929796430539,-34.5724346718839,R011,651.000000,"LE BRETON, TOMAS A.@ANDONAEGUI",Barrios
-58.4934662895866,-34.5737827771895,R011,652.000000,NAHUEL HUAPI@ALTOLAGUIRRE,Barrios
-58.4939549955667,-34.575131161285,R011,653.000000,"RIVERA, PEDRO I., Dr.@BURELA",Barrios
-58.4944373307495,-34.5764763752704,R011,654.000000,CULLEN@CERETTI,Barrios
-58.5063383793268,-34.5699727751308,R012,649.000000,NUNEZ@MEDEYROS,Barrios
-58.504534944579,-34.5703831429674,R012,648.000000,PIRAN@ZADO,Barrios
-58.5027842451757,-34.5707279709124,R012,647.000000,"PEDRAZA, MANUELA@ACHEGA",Barrios
-58.5009628707521,-34.57108054202,R012,646.000000,"TAMBORINI, JOSE PASCUAL@AIZPURUA",Barrios
-58.4993866209367,-34.571684149879,R012,645.000000,IBERA@LAVOISIER,Barrios
-58.502014589195,-34.5786759523782,R013,664.000000,"FRANCO@ARTIGAS, JOSE GERVASIO DE,",Barrios
-58.5038036734612,-34.5786461362556,R013,663.000000,BAZURCO@BOLIVIA,Barrios
-58.5057493413839,-34.578453979017,R013,662.000000,COCHRANE@CONDARCO,Barrios
-58.5075356989057,-34.5784322783764,R013,661.000000,LARSEN@TERRADA,Barrios
-58.5093183943881,-34.5784103421135,R013,660.000000,ESCOBAR@NAZCA,Barrios
-58.5157152530996,-34.5970344658702,R015,674.000000,VALLEJOS@MERCEDES,Barrios
-58.5146366323375,-34.5952504241034,R015,673.000000,"MISTRAL, GABRIELA@BAHIA BLANCA",Barrios
-58.5141071753783,-34.5935982598183,R015,672.000000,"MOSCONI, GRAL.@GONZALEZ, JOAQUIN V.",Barrios
-58.51356820629,-34.5919537730453,R015,671.000000,"LOPEZ, CARLOS ANTONIO@SAN NICOLAS",Barrios
-58.5130322337426,-34.5903011123344,R015,670.000000,"GRIVEO@LAMARCA, EMILIO",Barrios
-58.5233395577784,-34.611993236322,R016,665.000000,NAVARRO@RIO SALADO,Barrios
-58.5234312607464,-34.6108906855005,R016,666.000000,"CANTILO, JOSE LUIS@CERVANTES",Barrios
-58.5227844287725,-34.6092640448739,R016,667.000000,"MORAN, PEDRO@BERMUDEZ",Barrios
-58.5225826739691,-34.60800156222,R016,668.000000,ASUNCION@QUEVEDO,Barrios
-58.5213485793138,-34.606102302912,R016,669.000000,NUEVA YORK@DESAGUADERO,Barrios
-58.5248705348235,-34.6204851610261,R017,680.000000,TINOGASTA@CORTINA,Barrios
-58.5246257132867,-34.6221068913543,R017,681.000000,"LOZANO, PEDRO@IRIGOYEN",Barrios
-58.5250793223252,-34.623202402283,R017,682.000000,NAZARRE@BRUSELAS,Barrios
-58.5255481838654,-34.6259813406285,R017,684.000000,"SASTRE, MARCOS@BARRAGAN",Barrios
-58.5252839081945,-34.6247313639467,R017,683.000000,"NOGOYA@PORCEL DE PERALTA, MANUEL",Barrios
-58.5155768870095,-34.6148151172942,R018,675.000000,BERMUDEZ@NAZARRE,Barrios
-58.516028647042,-34.6165967452807,R018,676.000000,MELINCUE@CERVANTES,Barrios
-58.5165282626976,-34.6184513091831,R018,677.000000,"NOGOYA@CALDERON DE LA BARCA, PEDRO",Barrios
-58.5169080185118,-34.6218444988637,R018,678.000000,"SASTRE, MARCOS@VIRGILIO",Barrios
-58.5167744565999,-34.6235789142424,R018,679.000000,SANTO TOME@MOLIERE,Barrios
-58.5035627172107,-34.6075370731835,R019,690.000000,NAZARRE@BAHIA BLANCA,Barrios
-58.5037890684716,-34.6088262701983,R019,691.000000,MELINCUE@CHIVILCOY,Barrios
-58.5039499805651,-34.6100566839279,R019,692.000000,NOGOYA@MERCEDES,Barrios
-58.5045270404381,-34.611704505387,R019,693.000000,BAIGORRIA@GUALEGUAYCHU,Barrios
-58.5045597209013,-34.6131753924313,R019,694.000000,"SASTRE, MARCOS@SANABRIA",Barrios
-58.501415776521,-34.600940061364,R020,689.000000,"VARELA, JOSE PEDRO@CONCORDIA",Barrios
-58.499332652622,-34.6012039539237,R020,688.000000,SIMBRON@LLAVALLOL,Barrios
-58.4966410114648,-34.6021774448393,R020,687.000000,"LOZANO, PEDRO@CAMPANA",Barrios
-58.4946406341857,-34.6022367902007,R020,686.000000,NAZARRE@CUENCA,Barrios
-58.492788054187,-34.6021381723456,R020,685.000000,MELINCUE@HELGUERA,Barrios
-58.494279850469,-34.5950309724409,R021,704.000000,"BEIRO, FRANCISCO@NAZCA",Barrios
-58.493843437367,-34.5935630693471,R021,703.000000,NAVARRO@TERRADA,Barrios
-58.4933725604461,-34.5921241181273,R021,702.000000,"SOLANO LOPEZ, F., MARISCAL@CONDARCO",Barrios
-58.4929076595202,-34.5906818529059,R021,701.000000,"MORAN, PEDRO@BOLIVIA",Barrios
-58.4923956152341,-34.589290091811,R021,700.000000,"ASUNCION@ARTIGAS, JOSE GERVASIO DE,",Barrios
-58.4739781322895,-34.5861984106323,R022,699.000000,CAMPILLO@GAMARRA,Barrios
-58.4760250081148,-34.5863484211441,R022,698.000000,LLERENA@AVALOS,Barrios
-58.4780038007659,-34.585753235436,R022,697.000000,ARISMENDI@BAUNESS,Barrios
-58.48248521507,-34.5858727373473,R022,696.000000,HAMBURGO@BARZANA,Barrios
-58.4842741572433,-34.585330017187,R022,695.000000,GANDARA@ALTOLAGUIRRE,Barrios
-58.4683524736947,-34.5794371844088,R023,710.000000,HOLMBERG@GIRIBONE,Barrios
-58.4672646079022,-34.5805618540556,R023,711.000000,PLAZA@CHARLONE,Barrios
-58.4661819923516,-34.5816899645085,R023,712.000000,TRONADOR@ROSETI,Barrios
-58.4648057481584,-34.582825605884,R023,713.000000,ESTOMBA@FRAGA,Barrios
-58.463442835515,-34.5839589782701,R023,714.000000,HEREDIA@GUEVARA,Barrios
-58.4562164619483,-34.5702339346503,R024,709.000000,"AVILES, VIRREY@CRAMER",Barrios
-58.4581706833229,-34.5708669377492,R024,708.000000,ELCANO@ZAPIOLA,Barrios
-58.4641540472549,-34.5706348901826,R024,706.000000,LA PAMPA@SUPERI,Barrios
-58.4620832233833,-34.5712164016993,R024,707.000000,"PINO, Virrey del@CONDE",Barrios
-58.4677745198956,-34.5700511771256,R024,705.000000,"ECHEVERRIA@MARTINEZ, ENRIQUE, GRAL.",Barrios
-58.449394998233,-34.5715742842028,R025,724.000000,AGUILAR@MOLDES,Barrios
-58.4497966075724,-34.5704244892971,R025,723.000000,CESPEDES@AMENABAR,Barrios
-58.4500593597919,-34.5691935485647,R025,722.000000,ZABALA@CIUDAD DE LA PAZ,Barrios
-58.4502098073742,-34.5662759014875,R025,721.000000,"ARREDONDO, Virrey@VUELTA DE OBLIGADO",Barrios
-58.4498153989062,-34.5650665112089,R025,720.000000,"PINO, Virrey del@ARCOS",Barrios
-58.4413759307532,-34.5817868169942,R026,719.000000,AREVALO@GORRITI,Barrios
-58.4415432667039,-34.5800398021139,R026,718.000000,DORREGO@ZAPIOLA,Barrios
-58.4414396513162,-34.5783322476857,R026,717.000000,"ARENAL, CONCEPCION@CONESA",Barrios
-58.4418782021067,-34.5767719761256,R026,716.000000,"DUMONT, SANTOS@CRAMER",Barrios
-58.4413836748151,-34.5744686244502,R026,715.000000,"MATIENZO, BENJAMIN,TTE.@CIUDAD DE LA PAZ",Barrios
-58.4289862112687,-34.57928870814,R027,730.000000,HUMBOLDT@CHARCAS,Barrios
-58.4288893362998,-34.5828076302349,R027,731.000000,GODOY CRUZ@GUATEMALA,Barrios
-58.4286195100133,-34.5840184495362,R027,732.000000,FRAY JUSTO SANTAMARIA DE ORO@SOLER,Barrios
-58.4288456589268,-34.5853144813984,R027,733.000000,URIARTE@NICARAGUA,Barrios
-58.4291465280111,-34.5867433548154,R027,734.000000,THAMES@COSTA RICA,Barrios
-58.420543370658,-34.5915780623808,R028,725.000000,"COSTA RICA@ACUÃƒÂA DE FIGUEROA, FRANCISCO",Barrios
-58.4226875387379,-34.5927855227143,R028,726.000000,GASCON@EL SALVADOR,Barrios
-58.4242863102748,-34.592870969099,R028,727.000000,"ALVAREZ, JULIAN@HONDURAS",Barrios
-58.4260828175451,-34.592789476134,R028,728.000000,ARAOZ@GORRITI,Barrios
-58.4303216415305,-34.5929448349139,R028,729.000000,"MALABIA@VEGA, NICETO, Cnel.",Barrios
-58.4223811406217,-34.6017511212305,R029,740.000000,"ACUÃƒÂA DE FIGUEROA, FRANCISCO@HUMAHUACA",Barrios
-58.4241029358151,-34.6028624944011,R029,741.000000,GASCON@CORRIENTES,Barrios
-58.425874282753,-34.6043106312961,R029,742.000000,PALESTINA@SARMIENTO,Barrios
-58.4275762811705,-34.6059465466308,R029,743.000000,"PRINGLES@PERON, JUAN DOMINGO, TTE.",Barrios
-58.4291489615767,-34.6071637250382,R029,744.000000,YATAY@POTOSI,Barrios
-58.4474634082973,-34.5857654976915,R030,750.000000,"ARENAL, CONCEPCION@ROSETI",Barrios
-58.447057780787,-34.5882501949561,R030,749.000000,GUEVARA@LEIVA,Barrios
-58.4459360348357,-34.5902794224851,R030,748.000000,BONPLAND@VERA,Barrios
-58.4459498610126,-34.5918275846741,R030,747.000000,FITZ ROY@VILLARROEL,Barrios
-58.4458207903149,-34.5933534724551,R030,746.000000,HUMBOLDT@CORRIENTES,Barrios
-58.4671658425584,-34.595022511619,R031,755.000000,"YERUA@BIELSA, RAFAEL, Dr.",Barrios
-58.467082888195,-34.5932893480967,R031,754.000000,PAZ SOLDAN@AVALOS,Barrios
-58.4668953651626,-34.5916508391172,R031,753.000000,ELCANO@BALBOA,Barrios
-58.4671804016827,-34.5886002839352,R031,752.000000,HEREDIA@MONTENEGRO,Barrios
-58.4672896522221,-34.5869491574677,R031,751.000000,ESTOMBA@GIRARDOT,Barrios
-58.4906514161306,-34.6091029547144,R032,757.000000,GENOVA@CAMPANA,Barrios
-58.4898860247348,-34.6078394900008,R032,758.000000,ARREGUI@CUENCA,Barrios
-58.4910404394583,-34.6101558620605,R032,756.000000,LASCANO@LLAVALLOL,Barrios
-58.4894268174166,-34.6061753044781,R032,759.000000,SANTO TOME@HELGUERA,Barrios
-58.4892239555478,-34.6041064681091,R032,760.000000,"SASTRE, MARCOS@ARGERICH",Barrios
-58.4902123221497,-34.6217413942908,R033,761.000000,"DIAZ, CESAR, GRAL.@CHIVILCOY",Barrios
-58.4904054308712,-34.620149957625,R033,762.000000,"MAGARIÃƒÂOS CERVANTES, A.@BAHIA BLANCA",Barrios
-58.4908283406529,-34.6169631992223,R033,764.000000,SAN BLAS@SAN NICOLAS,Barrios
-58.4911577551178,-34.61547067449,R033,765.000000,"GARCIA, JUAN AGUSTIN@LAMARCA, EMILIO",Barrios
-58.4904887746409,-34.6184472730256,R033,763.000000,"CAMARONES@GONZALEZ, JOAQUIN V.",Barrios
-58.5068398466869,-34.6215074185779,R034,770.000000,ALCARAZ@BERMUDEZ,Barrios
-58.5050518146275,-34.6218936998726,R034,769.000000,MIRANDA@ALLENDE,Barrios
-58.5031655352336,-34.6226205625135,R034,768.000000,"GONZALEZ, ELPIDIO@JUAREZ, BENITO",Barrios
-58.5015809361126,-34.623084474185,R034,767.000000,"GARCIA, JUAN AGUSTIN@PAZ, MARCOS",Barrios
-58.4998420789818,-34.6234528454815,R034,766.000000,SAN BLAS@BERNALDES,Barrios
-58.5050154460447,-34.6323140650857,R035,771.000000,MURATURE@MOLIERE,Barrios
-58.507103723059,-34.6323016319587,R035,772.000000,"MAGARIÃƒÂOS CERVANTES, A.@HUGO, VICTOR",Barrios
-58.5091692535212,-34.632448261919,R035,773.000000,CAMARONES@CORTINA,Barrios
-58.5110429828761,-34.6325601429753,R035,774.000000,SAN BLAS@IRIGOYEN,Barrios
-58.5126662843206,-34.6323446222497,R035,775.000000,"GARCIA, JUAN AGUSTIN@RUIZ DE LOS LLANOS",Barrios
-58.5273728390159,-34.6438144854794,R036,780.000000,"PALMAR@SUAREZ, JOSE LEON",Barrios
-58.5261829658236,-34.6428636727673,R036,779.000000,"BOSCH, VENTURA@MONTIEL",Barrios
-58.5248795262453,-34.641559374337,R036,778.000000,IBARROLA@CARHUE,Barrios
-58.5235976299263,-34.6401794842928,R036,777.000000,"COSQUIN@FALCON, RAMON L.,CNEL.",Barrios
-58.5226519595371,-34.6380235467865,R036,776.000000,"VIEDMA, FRANCISCO de@BARRAGAN",Barrios
-58.5141337314589,-34.6449460340402,R037,785.000000,GARCIA DE COSSIO@OLIDEN,Barrios
-58.5142627517946,-34.6470199866523,R037,784.000000,PATRON@MURGUIONDO,Barrios
-58.513851529602,-34.6485981655127,R037,783.000000,"ACASSUSO@LEGUIZAMON, MARTINIANO",Barrios
-58.5140219844015,-34.6507035089603,R037,782.000000,ERCILLA@PILAR,Barrios
-58.5139435401382,-34.6529893139635,R037,781.000000,"SCHMIDL, ULRICO@GORDILLO, TIMOTEO",Barrios
-58.5101191642138,-34.6595395016822,R038,786.000000,BRAGADO@ANDALGALA,Barrios
-58.5097076830165,-34.6612102018936,R038,787.000000,TAPALQUE@CARHUE,Barrios
-58.5092978916452,-34.6628819552112,R038,788.000000,"RODO, JOSE E.@GUAMINI",Barrios
-58.5086541380506,-34.664749081743,R038,789.000000,DIRECTORIO@MONTIEL,Barrios
-58.5079411753306,-34.6665174959909,R038,790.000000,"TANDIL@SUAREZ, JOSE LEON",Barrios
-58.4988111052005,-34.6557456604401,R039,795.000000,CHASCOMUS@PIERES,Barrios
-58.4990193665988,-34.6543092884759,R039,794.000000,"RODO, JOSE E.@LARRAZABAL",Barrios
-58.4989978503193,-34.6522640233372,R039,793.000000,TAPALQUE@FONROUGE,Barrios
-58.4994501733273,-34.650642924333,R039,792.000000,BRAGADO@POLA,Barrios
-58.500242240413,-34.6475001931395,R039,791.000000,ARTIGAS MANUEL de@ALBARIÃƒÂO,Barrios
-58.4945336391461,-34.632081961761,R040,800.000000,"ARANGUREN, JUAN F., Dr.@BERMUDEZ",Barrios
-58.4957758735651,-34.6333770259527,R040,799.000000,SARACHAGA@CERVANTES,Barrios
-58.497009406144,-34.6347594062196,R040,798.000000,"BACACAY@CALDERON DE LA BARCA, PEDRO",Barrios
-58.4977895805953,-34.6385156432102,R040,797.000000,"FALCON, RAMON L.,CNEL.@LEOPARDI",Barrios
-58.4989898391585,-34.6399414643284,R040,796.000000,RAFAELA@MANZONI,Barrios
-58.4864067645389,-34.6435600951558,R041,801.000000,"RODO, JOSE E.@AMEGHINO, FLORENTINO, Dr.",Barrios
-58.4860278873624,-34.6450074667278,R041,802.000000,CHASCOMUS@MORETO,Barrios
-58.486068810112,-34.6465960291603,R041,803.000000,DIRECTORIO@MOZART,Barrios
-58.486102363817,-34.648337836966,R041,804.000000,TANDIL@WHITE,Barrios
-58.4861824151688,-34.6499627293105,R041,805.000000,REMEDIOS@HOMERO,Barrios
-58.4750453244676,-34.6336599085961,R042,806.000000,"FALCON, RAMON L.,CNEL.@AZUL",Barrios
-58.4757268864597,-34.6349172732084,R042,807.000000,RAFAELA@DOLORES,Barrios
-58.4759233775313,-34.637132958073,R042,808.000000,"BONIFACIO, JOSE@BARADERO",Barrios
-58.4767783764748,-34.6383760000826,R042,809.000000,"RODO, JOSE E.@ACOSTA, MARIANO",Barrios
-58.4769557344703,-34.6401111052412,R042,810.000000,TANDIL@MARTINEZ CASTRO,Barrios
-58.4813660465759,-34.6312100096982,R043,811.000000,BACACAY@BAHIA BLANCA,Barrios
-58.4804087074835,-34.6298633478044,R043,812.000000,"BOGOTA@GONZALEZ, JOAQUIN V.",Barrios
-58.4803694925463,-34.6273420715156,R043,813.000000,"ARANGUREN, JUAN F., Dr.@SAN NICOLAS",Barrios
-58.4797543715665,-34.6260704958167,R043,814.000000,"MORON@LAMARCA, EMILIO",Barrios
-58.4791131126912,-34.6247894133846,R043,815.000000,"VALLESE, FELIPE@CONCORDIA",Barrios
-58.4622244403247,-34.620993272576,R044,820.000000,MENDEZ DE ANDES@GRANADEROS,Barrios
-58.4627941905081,-34.6222124708607,R044,819.000000,"ARANGUREN, JUAN F., Dr.@GAVILAN",Barrios
-58.464191973464,-34.6252815808548,R044,818.000000,BOGOTA@FRAY CAYETANO RODRIGUEZ,Barrios
-58.4651765224438,-34.6268285190666,R044,817.000000,"BACACAY@ARTIGAS, JOSE GERVASIO DE,",Barrios
-58.4660752293373,-34.6283881988728,R044,816.000000,YERBAL@BOLIVIA,Barrios
-58.4582491878414,-34.6409571658224,R045,821.000000,"RECUERO, CASIMIRO, Tte. Cnel.@ARROTEA",Barrios
-58.457827097342,-34.6388009540229,R045,822.000000,PRIMERA JUNTA@PEDERNERA,Barrios
-58.4579734089423,-34.6371371039473,R045,823.000000,"FERNANDEZ MORENO, BALDOMERO@RIVERA INDARTE",Barrios
-58.457865552352,-34.6354196497822,R045,824.000000,"LAFERRERE, GREGORIO de@MEMBRILLAR",Barrios
-58.457233624842,-34.6335953381735,R045,825.000000,"BILBAO, FRANCISCO@BONORINO, ESTEBAN, Cnel.",Barrios
-58.4777711956198,-34.6137696914077,R046,829.000000,"DIAZ, CESAR, GRAL.@TERRADA",Barrios
-58.4772596351689,-34.6120713829092,R046,828.000000,"MAGARIÃƒÂOS CERVANTES, A.@CONDARCO",Barrios
-58.4768257851346,-34.6104145421495,R046,827.000000,CAMARONES@BOLIVIA,Barrios
-58.478711741672,-34.6171230015522,R046,830.000000,"BELAUSTEGUI, LUIS, Dr.@ARGERICH",Barrios
-58.4763238051614,-34.6087222132433,R046,826.000000,"SAN BLAS@ARTIGAS, JOSE GERVASIO DE,",Barrios
-58.466633918759,-34.6150199702615,R047,835.000000,"VIALE, LUIS@GAVILAN",Barrios
-58.4662604896753,-34.6133943593586,R047,834.000000,GALICIA@BOYACA,Barrios
-58.4657447356858,-34.61169022775,R047,833.000000,"TRES ARROYOS@LAMAS, ANDRES",Barrios
-58.4651868529558,-34.6075747367897,R047,831.000000,"DIAZ, CESAR, GRAL.@SANCHEZ",Barrios
-58.4651317281127,-34.6099411633149,R047,832.000000,"BELAUSTEGUI, LUIS, Dr.@TERRERO",Barrios
-58.4573283324448,-34.6130368860465,R048,840.000000,"GAONA@SEGUI, F. J., ALTE.",Barrios
-58.4567656680196,-34.6112135537995,R048,839.000000,"FIGUEROA, APOLINARIO, Cnel.@OROÃƒÂO, NICASIO",Barrios
-58.4563533432581,-34.6096943228001,R048,838.000000,"VIALE, LUIS@FRAGATA Pres. SARMIENTO",Barrios
-58.4556703252637,-34.6083721242642,R048,837.000000,GALICIA@PAYSANDU,Barrios
-58.4554423012637,-34.6064790828688,R048,836.000000,TRES ARROYOS@ESPINOSA,Barrios
-58.4465912565851,-34.6175544827717,R049,845.000000,"AVELLANEDA@GAINZA, MARTIN DE, GRAL.",Barrios
-58.4452285966511,-34.6156242265314,R049,844.000000,"ARANGUREN, JUAN F., Dr.@REPETTO, NICOLAS, DR.",Barrios
-58.4441644019137,-34.6140371812551,R049,843.000000,MENDEZ DE ANDES@ROJAS,Barrios
-58.4432797586181,-34.6123029673246,R049,842.000000,"VALLESE, FELIPE@COLPAYO",Barrios
-58.4418817939992,-34.6105031640399,R049,841.000000,"ARENGREEN@VIRASORO, VALENTIN",Barrios
-58.4362266412392,-34.6245599603615,R050,850.000000,VALLE@RIGLOS,Barrios
-58.4346576327648,-34.6230470929648,R050,849.000000,"ALBERDI, JUAN BAUTISTA@MORENO, JOSE MARIA",Barrios
-58.4337897582278,-34.6211549230125,R050,848.000000,FORMOSA@BEAUCHEF,Barrios
-58.4329853650342,-34.6200463107605,R050,847.000000,GUAYAQUIL@VIEL,Barrios
-58.4315425125549,-34.6187073830362,R050,846.000000,ROSARIO@DOBLAS,Barrios
-58.4378162127119,-34.6381418723837,R051,855.000000,BALBASTRO@MITRE EMILIO,Barrios
-58.4366527310238,-34.6367060903747,R051,854.000000,"CACHIMAYO@DIAZ, AVELINO",Barrios
-58.4354738358554,-34.6353643100009,R051,853.000000,SANTANDER@PICHEUTA,Barrios
-58.4347788748643,-34.6324151129082,R051,852.000000,RIGLOS@SALAS,Barrios
-58.4336593682248,-34.6315679218789,R051,851.000000,ESTRADA@IGUALDAD,Barrios
-58.4238331841725,-34.627930135492,R052,859.000000,"COCHABAMBA@MARMOL, JOSE",Barrios
-58.4228421267991,-34.6264263845227,R052,858.000000,SAN JUAN@TREINTA Y TRES ORIENTALES,Barrios
-58.4218605464813,-34.6247807223359,R052,857.000000,"CALVO, CARLOS@BOCAYUVA, QUINTINO",Barrios
-58.4205223768848,-34.6228284390011,R052,856.000000,ESTADOS UNIDOS@CASTRO,Barrios
-58.475797278194,-34.6821378481965,R053,865.000000,"DE LA TORRE, LISANDRO@UNANUE",Barrios
-58.4761710984827,-34.6810192579666,R053,864.000000,"BATLLE Y ORDONEZ, JOSE P.T@HUDSON",Barrios
-58.4767274703516,-34.6796333856323,R053,863.000000,"SAYOS@RUCCI, JOSE IGNACIO",Barrios
-58.4765645590653,-34.6775965921071,R053,862.000000,"GALLO, DELFIN@LEGUIZAMON, MARTINIANO",Barrios
-58.4764733920931,-34.6763409362068,R053,861.000000,SOMELLERA@MURGUIONDO,Barrios
-58.3762697974967,-34.6380108231769,R054,870.000000,"BRANDSEN@HORNOS, Gral.",Barrios
-58.3738671067088,-34.636112910154,R054,869.000000,"VALLE, ARISTOBULO DEL@ISABEL LA CATOLICA",Barrios
-58.3730844465313,-34.6349713854137,R054,868.000000,"VILLAFAÃƒÂE, WENCESLAO@JOVELLANOS, GASPAR M. de",Barrios
-58.3722868306286,-34.6338919588595,R054,867.000000,ARZOBISPO ESPINOSA@AZARA,Barrios
-58.3712902873908,-34.6328140683474,R054,866.000000,GUALEGUAY@RUY DIAZ DE GUZMAN,Barrios
-58.4139306611692,-34.5797304704091,R055,871.000000,LAFINUR@CABELLO,Barrios
-58.4106369724763,-34.5783810260129,R055,872.000000,"UGARTECHE@SEGUI, JUAN FRANCISCO",Barrios
-58.4070505535635,-34.5771935486149,R055,873.000000,CAVIA@CASTEX,Barrios
-58.404872223837,-34.5765502554734,R055,874.000000,"SALGUERO, JERONIMO@FIGUEROA ALCORTA, PRES.",Barrios
-58.4029283617528,-34.5766925641913,R055,875.000000,"SAN MARTIN DE TOURS@CORONADO, MARTIN",Barrios
-58.4496642669401,-34.6011900225256,R056,880.000000,"BELAUSTEGUI, LUIS, Dr.@VIRASORO, VALENTIN",Barrios
-58.4476452341248,-34.6016869914762,R056,879.000000,TRES ARROYOS@OLAYA,Barrios
-58.4456976524447,-34.6021031599399,R056,878.000000,GALICIA@HIDALGO,Barrios
-58.4439776819758,-34.6022731264074,R056,877.000000,"VIALE, LUIS@ACOYTE",Barrios
-58.4405135996373,-34.602044508855,R056,876.000000,ARAOZ@PADILLA,Barrios
-58.424789991611,-34.6302121515658,R052,860.000000,TARIJA@MUÃƒÂIZ,Barrios
-58.3576808067114,-34.6193850541142,R001,340.000000,"CALABRIA@RAWSON DE DELLEPIANE, ELVIRA",Macrocentro
-58.361932946058,-34.6174997019247,R001,515.000000,"MANSO JUANA@VERA PENALOZA, ROSARIO",Macrocentro
-58.3580771649094,-34.6171622897869,R001,342.000000,"VERA PENALOZA, ROSARIO@CALABRIA",Macrocentro
-58.3591310642079,-34.6114845370676,R002,513.000000,"DE LOS ITALIANOS@VILLAFLOR, AZUCENA",Macrocentro
-58.3625409560983,-34.6116533757874,R002,512.000000,"MANSO JUANA@VILLAFLOR, AZUCENA",Macrocentro
-58.3635305349857,-34.5989380100042,R003,518.000000,DE LOS ITALIANOS & SANCHEZ DE THOMPSON MARIQUITA,Macrocentro
-58.3609344908614,-34.6045766476103,R003,339.000000,"GUEMES, MACACHA @ GIRALT, HERNAN M., INT., A",Macrocentro
-58.3644590229282,-34.6053066057198,R003,510.000000,"GUEMES, MACACHA@DEALESSI, PIERINA",Macrocentro
-58.3633792924028,-34.6047921917198,R003,514.000000,"GUEMES, MACACHA@MANSO JUANA",Macrocentro
-58.3640016358376,-34.5989753651436,R003,516.000000,MANSO JUANA & SANCHEZ DE THOMPSON MARIQUITA,Macrocentro
-58.3630064325899,-34.5987105318926,R003,519.000000,"SANCHEZ DE THOMPSON, MARIQUITA@GIRALT, HERNAN M., INT., A",Macrocentro
-58.369154312198,-34.601806573887,R004,506.000000,BOUCHARD@LAVALLE,Macrocentro
-58.3659609311868,-34.5982928237914,R004,509.000000,GRIERSON CECILIA & DEALESSI PIERINA,Macrocentro
-58.3695018021363,-34.598303538316,R004,508.000000,"MADERO, EDUARDO@GRIERSON CECILIA",Macrocentro
-58.3686314661551,-34.600435909088,R004,507.000000,TUCUMAN & MADERO EDUARDO,Macrocentro
-58.3676848200021,-34.6146385124892,R005,319.000000,AZOPARDO@MEXICO,Macrocentro
-58.3669896233888,-34.6133918686945,R005,337.000000,"HUERGO, ING.@VENEZUELA",Macrocentro
-58.3663254542848,-34.6123650407876,R005,338.000000,"MOREAU DE JUSTO, ALICIA@VILLAFLOR, AZUCENA",Macrocentro
-58.3681980540911,-34.6111013197684,R005,331.000000,MORENO@AZOPARDO,Macrocentro
-58.3672837952221,-34.6181965640852,R006,334.000000,AZOPARDO@ESTADOS UNIDOS,Macrocentro
-58.36914135027,-34.6157929182196,R006,316.000000,CHILE@PASEO COLON,Macrocentro
-58.3665922336684,-34.6168790033526,R006,335.000000,"INDEPENDENCIA@HUERGO, ING.",Macrocentro
-58.3697975288978,-34.6171657917536,R006,315.000000,INDEPENDENCIA@PASEO COLON,Macrocentro
-58.3659988996641,-34.6155720096539,R006,336.000000,"MOREAU DE JUSTO, ALICIA@CHILE",Macrocentro
-58.3664879105146,-34.6251953336314,R007,304.000000,AZOPARDO@BRASIL,Macrocentro
-58.366897839482,-34.6215839135682,R007,306.000000,AZOPARDO@SAN JUAN,Macrocentro
-58.365785868262,-34.6239873426976,R007,305.000000,"GARAY, JUAN DE@HUERGO, ING.",Macrocentro
-58.3681872514352,-34.6228109476463,R007,303.000000,PASEO COLON@COCHABAMBA,Macrocentro
-58.3679451548443,-34.6271423847114,R007,298.000000,"PASEO COLON@GARCIA, MARTIN",Macrocentro
-58.3725472815465,-34.6267383238228,R008,291.000000,BOLIVAR@CASEROS,Macrocentro
-58.3720265390179,-34.6292693604532,R008,287.000000,BOLIVAR@USPALLATA,Macrocentro
-58.371093475325,-34.6253696600148,R008,297.000000,BRASIL@DEFENSA,Macrocentro
-58.3706581791811,-34.6294937655805,R008,288.000000,"DEFENSA@GARCIA, MARTIN",Macrocentro
-58.3697522489331,-34.6241604352108,R008,299.000000,"GARAY, JUAN DE@BALCARCE",Macrocentro
-58.3699733688377,-34.6206741459153,R009,302.000000,BALCARCE@HUMBERTO 1,Macrocentro
-58.3729379182576,-34.6196044958927,R009,295.000000,"CALVO, CARLOS@BOLIVAR",Macrocentro
-58.3715164867299,-34.6195078745317,R009,301.000000,"CALVO, CARLOS@DEFENSA",Macrocentro
-58.3689601647602,-34.6192009269284,R009,314.000000,"CALVO, CARLOS@PASEO COLON",Macrocentro
-58.3715998143118,-34.6184825493923,R009,313.000000,DEFENSA@ESTADOS UNIDOS,Macrocentro
-58.3706530566423,-34.610059919249,R010,330.000000,"ALSINA, ADOLFO@BALCARCE",Macrocentro
-58.3707375911145,-34.6135789825374,R010,318.000000,BALCARCE@VENEZUELA,Macrocentro
-58.3717873913034,-34.6148145322957,R010,317.000000,DEFENSA@MEXICO,Macrocentro
-58.3719880705175,-34.6113026545905,R010,312.000000,MORENO@DEFENSA,Macrocentro
-58.369358966416,-34.6123190881316,R010,320.000000,PASEO COLON@BELGRANO,Macrocentro
-58.3702634298693,-34.6030071121394,R011,333.000000,"CORRIENTES@ALEM, LEANDRO N.",Macrocentro
-58.3725218568127,-34.6020389766877,R011,329.000000,LAVALLE@RECONQUISTA,Macrocentro
-58.3710120003458,-34.6042475119412,R011,332.000000,SARMIENTO@25DE MAYO,Macrocentro
-58.3712688916834,-34.6007406713387,R011,504.000000,TUCUMAN@25DE MAYO,Macrocentro
-58.3707952529447,-34.5995158325062,R011,505.000000,"VIAMONTE@ALEM, LEANDRO N.",Macrocentro
-58.3754015309173,-34.5974999832944,R012,502.000000,FLORIDA@PARAGUAY,Macrocentro
-58.3727942794418,-34.5985170724413,R012,501.000000,RECONQUISTA@CORDOBA,Macrocentro
-58.3743175987594,-34.5962406329786,R012,503.000000,"SAN MARTIN@ALVEAR, MARCELO T. De",Macrocentro
-58.3740830366885,-34.5997865850961,R012,500.000000,SAN MARTIN@VIAMONTE,Macrocentro
-58.3753303621693,-34.6010497152625,R012,499.000000,TUCUMAN@FLORIDA,Macrocentro
-58.3723243324202,-34.6055112842236,R013,327.000000,"PERON, JUAN DOMINGO, TTE.@RECONQUISTA",Macrocentro
-58.3738497534534,-34.6032328833396,R013,328.000000,SAN MARTIN@CORRIENTES,Macrocentro
-58.3736484627003,-34.606772163387,R013,325.000000,"SAN MARTIN@MITRE, BARTOLOME",Macrocentro
-58.3751617015173,-34.6045645148651,R013,326.000000,SARMIENTO@FLORIDA,Macrocentro
-58.3749643111238,-34.6103561343442,R014,321.000000,"ALSINA, ADOLFO@ROCA, JULIO A., Pres.",Macrocentro
-58.3735152803023,-34.6079368978301,R014,324.000000,BOLIVAR@RIVADAVIA,Macrocentro
-58.3749168449071,-34.6080296071402,R014,322.000000,FLORIDA@RIVADAVIA,Macrocentro
-58.3750362074234,-34.6068663403907,R014,323.000000,"MITRE, BARTOLOME@FLORIDA",Macrocentro
-58.3765288715511,-34.6058256755162,R014,283.000000,"PERON, JUAN DOMINGO, TTE.@MAIPU",Macrocentro
-58.3733161299356,-34.6125547356865,R015,311.000000,BELGRANO@BOLIVAR,Macrocentro
-58.376367725634,-34.6087029205511,R015,280.000000,CHACABUCO@DE MAYO,Macrocentro
-58.3762052190427,-34.6115658672651,R015,265.000000,CHACABUCO@MORENO,Macrocentro
-58.3746430247316,-34.6138169431486,R015,310.000000,PERU@VENEZUELA,Macrocentro
-58.3760364855456,-34.6150005885362,R016,263.000000,CHACABUCO@MEXICO,Macrocentro
-58.3731275537973,-34.6160299327441,R016,309.000000,CHILE@BOLIVAR,Macrocentro
-58.3774253589179,-34.6162934439937,R016,261.000000,CHILE@PIEDRAS,Macrocentro
-58.3744386987666,-34.6172531141267,R016,308.000000,INDEPENDENCIA@PERU,Macrocentro
-58.3787729992746,-34.6175482257538,R016,260.000000,INDEPENDENCIA@TACUARI,Macrocentro
-58.3727316974211,-34.6231381974456,R017,294.000000,BOLIVAR@COCHABAMBA,Macrocentro
-58.3728501615147,-34.6207224979659,R017,296.000000,BOLIVAR@HUMBERTO 1Ã‚Âª,Macrocentro
-58.3756443145911,-34.6220033708575,R017,292.000000,CHACABUCO@SAN JUAN,Macrocentro
-58.3713326545152,-34.6218361275345,R017,300.000000,DEFENSA@SAN JUAN,Macrocentro
-58.3742238858074,-34.6207601229024,R017,293.000000,HUMBERTO 1Ã‚Âª@PERU,Macrocentro
-58.3755729246099,-34.6273015979898,R018,214.000000,CASEROS@PIEDRAS,Macrocentro
-58.3734963693592,-34.6282423113143,R018,286.000000,FINOCHIETTO ENRIQUE DR.@PERU,Macrocentro
-58.3736949882268,-34.6296552496444,R018,285.000000,ITUZAINGO@PIEDRAS,Macrocentro
-58.3772384878945,-34.6297318008369,R018,205.000000,"MONTES DE OCA,MANUEL@FINOCHIETTO ENRIQUE DR.",Macrocentro
-58.3756192342985,-34.6289675317945,R018,206.000000,TACUARI@FINOCHIETTO ENRIQUE DR.,Macrocentro
-58.3784934288342,-34.6274890077092,R019,212.000000,"BRASIL@IRIGOYEN, BERNARDO de",Macrocentro
-58.3750571031713,-34.6256420880422,R019,289.000000,CHACABUCO@BRASIL,Macrocentro
-58.3770828539219,-34.6234873978968,R019,215.000000,COCHABAMBA@PIEDRAS,Macrocentro
-58.3740288957044,-34.6244364452379,R019,290.000000,"GARAY, JUAN DE@PERU",Macrocentro
-58.3780062651913,-34.6256555104251,R019,213.000000,"GARAY, JUAN DE@TACUARI",Macrocentro
-58.3772680000459,-34.6197240877386,R020,218.000000,"CALVO, CARLOS@PIEDRAS",Macrocentro
-58.3758498240639,-34.6185407921873,R020,307.000000,CHACABUCO@ESTADOS UNIDOS,Macrocentro
-58.3786639250023,-34.6208796050311,R020,217.000000,HUMBERTO 1Ã‚Âª@TACUARI,Macrocentro
-58.3802507166702,-34.6185028578873,R020,252.000000,"IRIGOYEN, BERNARDO De@ESTADOS UNIDOS",Macrocentro
-58.3800046684583,-34.6221373950233,R020,216.000000,"IRIGOYEN, BERNARDO de@SAN JUAN",Macrocentro
-58.3775814389541,-34.6128511072637,R021,264.000000,BELGRANO@PIEDRAS,Macrocentro
-58.3802744857514,-34.6176389007975,R021,253.000000,"IRIGOYEN, BERNARDO De@INDEPENDENCIA",Macrocentro
-58.3803651931699,-34.615240214692,R021,255.000000,"MEXICO@IRIGOYEN, BERNARDO de",Macrocentro
-58.3789820143046,-34.6141007826733,R021,262.000000,TACUARI@VENEZUELA,Macrocentro
-58.3791205036018,-34.6106345554536,R022,276.000000,"ALSINA, ADOLFO@TACUARI",Macrocentro
-58.3806819074088,-34.6090028804233,R022,270.000000,"DE MAYO@IRIGOYEN, BERNARDO de",Macrocentro
-58.3804820195981,-34.6130400044617,R022,258.000000,"IRIGOYEN, BERNARDO De@BELGRANO",Macrocentro
-58.3805396841266,-34.6118328867699,R022,259.000000,"IRIGOYEN, BERNARDO de@MORENO",Macrocentro
-58.377752674365,-34.6094020166253,R022,278.000000,"PIEDRAS@YRIGOYEN,HIPOLITO",Macrocentro
-58.3809751187659,-34.6036694286458,R023,274.000000,"CORRIENTES@PELLEGRINI, CARLOS",Macrocentro
-58.3778571054376,-34.607054680009,R023,279.000000,"ESMERALDA@MITRE, BARTOLOME",Macrocentro
-58.3808353659212,-34.6060844959021,R023,271.000000,"PELLEGRINI, CARLOS@PERON, JUAN DOMINGO, TTE.",Macrocentro
-58.3792171357538,-34.608297847025,R023,277.000000,RIVADAVIA@TACUARI,Macrocentro
-58.3793832792034,-34.6048381848562,R023,281.000000,SARMIENTO@SUIPACHA,Macrocentro
-58.3768389739745,-34.5988082360445,R024,488.000000,CORDOBA@MAIPU,Macrocentro
-58.3780710190748,-34.6034915274583,R024,282.000000,CORRIENTES@ESMERALDA,Macrocentro
-58.3782079408537,-34.600077197415,R024,486.000000,ESMERALDA@VIAMONTE,Macrocentro
-58.3767027671566,-34.602302850364,R024,284.000000,MAIPU@LAVALLE,Macrocentro
-58.3795931126166,-34.6012803778757,R024,485.000000,SUIPACHA@TUCUMAN,Macrocentro
-58.3812498976187,-34.5990312688095,R025,482.000000,"CORDOBA@PELLEGRINI, CARLOS",Macrocentro
-58.378437809363,-34.5963677782301,R025,489.000000,"ESMERALDA@ALVEAR, MARCELO T. De",Macrocentro
-58.3798340958468,-34.5977261807738,R025,487.000000,PARAGUAY@SUIPACHA,Macrocentro
-58.381035440791,-34.602517454683,R025,275.000000,"PELLEGRINI, CARLOS@LAVALLE",Macrocentro
-58.3814845280381,-34.5953620583126,R025,484.000000,"PELLEGRINI, CARLOS@SANTA FE",Macrocentro
-58.3800338145851,-34.5941111058657,R026,495.000000,ARENALES@SUIPACHA,Macrocentro
-58.3815570817421,-34.5916010441236,R026,493.000000,"ARROYO@PELLEGRINI, CARLOS",Macrocentro
-58.381968400162,-34.5886992305103,R026,494.000000,DEL LIBERTADOR@CERRITO,Macrocentro
-58.3778553805375,-34.5910789993746,R026,497.000000,DEL LIBERTADOR@ESMERALDA,Macrocentro
-58.3785809022897,-34.5928871078987,R026,496.000000,ESMERALDA@JUNCAL,Macrocentro
-58.3849131051422,-34.590451001007,R027,477.000000,ALVEAR@PARERA,Macrocentro
-58.3831483358459,-34.5915541327895,R027,491.000000,CERRITO@ARROYO,Macrocentro
-58.3850250311645,-34.5870353021955,R027,478.000000,DEL LIBERTADOR@RODRIGUEZ PENA,Macrocentro
-58.3835461734287,-34.589607976536,R027,492.000000,LIBERTAD@POSADAS,Macrocentro
-58.3869174421359,-34.5907751625329,R027,476.000000,"MONTEVIDEO@QUINTANA, MANUEL, PRES.",Macrocentro
-58.3870628229381,-34.5970535256715,R028,467.000000,"ALVEAR, MARCELO T. De@URUGUAY",Macrocentro
-58.3828364482682,-34.5928339786536,R028,490.000000,CERRITO@JUNCAL,Macrocentro
-58.3844135776203,-34.5944319650825,R028,469.000000,LIBERTAD@ARENALES,Macrocentro
-58.3882018412683,-34.5983684316057,R028,465.000000,PARAGUAY@PARANA,Macrocentro
-58.3857480321172,-34.5956793409256,R028,468.000000,SANTA FE@TALCAHUANO,Macrocentro
-58.3826632559325,-34.5968031751004,R029,483.000000,"ALVEAR, MARCELO T. De@CERRITO",Macrocentro
-58.3854717127258,-34.5992276834411,R029,466.000000,CORDOBA@TALCAHUANO,Macrocentro
-58.3840939315914,-34.5980805622191,R029,480.000000,LIBERTAD@PARAGUAY,Macrocentro
-58.3880318370292,-34.6017128915219,R029,463.000000,PARANA@TUCUMAN,Macrocentro
-58.3867904021076,-34.6005856749945,R029,464.000000,URUGUAY@VIAMONTE,Macrocentro
-58.3865909747497,-34.6039985661226,R030,249.000000,CORRIENTES@URUGUAY,Macrocentro
-58.3851978313964,-34.6026922882837,R030,250.000000,LAVALLE@TALCAHUANO,Macrocentro
-58.3838801303695,-34.6014523129616,R030,479.000000,LIBERTAD@TUCUMAN,Macrocentro
-58.3878916093425,-34.605363788225,R030,248.000000,PARANA@SARMIENTO,Macrocentro
-58.3824317965225,-34.6003247771747,R030,481.000000,VIAMONTE@CERRITO,Macrocentro
-58.3822055306973,-34.6037398266756,R031,273.000000,CERRITO@CORRIENTES,Macrocentro
-58.3836200554319,-34.6051005917382,R031,272.000000,LIBERTAD@SARMIENTO,Macrocentro
-58.3863094087135,-34.6076107074421,R031,245.000000,"MITRE, BARTOLOME@URUGUAY",Macrocentro
-58.384992401064,-34.6063475053299,R031,247.000000,"PERON, JUAN DOMINGO, TTE.@TALCAHUANO",Macrocentro
-58.3874785507345,-34.6111813531447,R032,232.000000,"ALSINA, ADOLFO@SAENZ PENA, LUIS, PRES.",Macrocentro
-58.382022336102,-34.6073386427407,R032,269.000000,"MITRE, BARTOLOME@CERRITO",Macrocentro
-58.3889413960417,-34.6124676444508,R032,226.000000,"MORENO@CEVALLOS, Virrey",Macrocentro
-58.3834642919571,-34.6085778014785,R032,267.000000,RIVADAVIA@SALTA,Macrocentro
-58.3862239533357,-34.6099584865249,R032,246.000000,"YRIGOYEN, HIPOLITO@SAN JOSE",Macrocentro
-58.3833636821038,-34.6109229626349,R033,266.000000,"ALSINA, ADOLFO@SALTA",Macrocentro
-58.3860750193125,-34.6134347160042,R033,233.000000,BELGRANO@SAN JOSE,Macrocentro
-58.3819131745955,-34.6096785851313,R033,268.000000,"LIMA@YRIGOYEN, HIPOLITO",Macrocentro
-58.3847686731255,-34.6121539123612,R033,234.000000,MORENO@SANTIAGO DEL ESTERO,Macrocentro
-58.3874954193179,-34.6146734610538,R033,231.000000,"SAENZ PENA, LUIS, PRES.@VENEZUELA",Macrocentro
-58.3817545440821,-34.6131303656419,R034,257.000000,BELGRANO@LIMA,Macrocentro
-58.3858882876836,-34.6166854881487,R034,229.000000,CHILE@SAN JOSE,Macrocentro
-58.3874603844296,-34.6179095391758,R034,227.000000,"INDEPENDENCIA@SAENZ PENA, LUIS, PRES.",Macrocentro
-58.3844800635992,-34.6154415917824,R034,230.000000,MEXICO@SANTIAGO DEL ESTERO,Macrocentro
-58.3831120751824,-34.6143897546288,R034,256.000000,SALTA@VENEZUELA,Macrocentro
-58.3858330468281,-34.6198709173533,R035,204.000000,"CALVO, CARLOS@SAN JOSE",Macrocentro
-58.3842929920266,-34.6186198228134,R035,228.000000,ESTADOS UNIDOS@SANTIAGO DEL ESTERO,Macrocentro
-58.387209033815,-34.6212587960757,R035,202.000000,"HUMBERTO 1Ã‚Âª@SAENZ PENA, LUIS, PRES.",Macrocentro
-58.3815648150129,-34.6164881049472,R035,254.000000,LIMA@CHILE,Macrocentro
-58.3830140697656,-34.6177344564627,R035,251.000000,SALTA@INDEPENDENCIA,Macrocentro
-58.3814423714194,-34.6197553913422,R036,211.000000,"CALVO, CARLOS@LIMA",Macrocentro
-58.3829769466517,-34.6197651372959,R036,210.000000,"CALVO, CARLOS@SALTA",Macrocentro
-58.3858069601941,-34.6235863107345,R036,201.000000,COCHABAMBA@SAN JOSE,Macrocentro
-58.3829689480816,-34.6210025693346,R036,209.000000,HUMBERTO 1Ã‚Âª@SALTA,Macrocentro
-58.3843912357639,-34.6223145209961,R036,203.000000,SAN JUAN@SANTIAGO DEL ESTERO,Macrocentro
-58.3870245289077,-34.6286528770094,R037,190.000000,"BRASIL@SAENZ PENA, LUIS, PRES.",Macrocentro
-58.3829267509927,-34.6246821741956,R037,207.000000,CONSTITUCION@SALTA,Macrocentro
-58.3857290348396,-34.6270635627429,R037,199.000000,"GARAY, JUAN DE@SAN JOSE",Macrocentro
-58.3814460811229,-34.6238150406996,R037,208.000000,LIMA@COCHABAMBA,Macrocentro
-58.3843627605306,-34.6260532221063,R037,200.000000,PAVON@SANTIAGO DEL ESTERO,Macrocentro
-58.3908971327742,-34.6342483597522,R038,183.000000,CASEROS@COMBATE DE LOS POZOS,Macrocentro
-58.3879413895155,-34.6301172934322,R038,189.000000,"CEVALLOS, Virrey@ECHAGUE, PEDRO",Macrocentro
-58.3914966172418,-34.6306650731802,R038,185.000000,"COMBATE DE LOS POZOS@ECHAGUE, PEDRO",Macrocentro
-58.3905268468211,-34.6326661879018,R038,184.000000,ENTRE RIOS@RONDEAU,Macrocentro
-58.3890296698954,-34.6314285625081,R038,187.000000,SOLIS@15DE NOVIEMBRE DE 1889,Macrocentro
-58.3909253130299,-34.6293283559891,R039,186.000000,BRASIL@ENTRE RIOS,Macrocentro
-58.3883076599957,-34.6262037245495,R039,193.000000,"CEVALLOS, Virrey@PAVON",Macrocentro
-58.3871870372976,-34.624851370846,R039,198.000000,"CONSTITUCION@SAENZ PENA, LUIS, PRES.",Macrocentro
-58.3894377417628,-34.6272078229917,R039,192.000000,"GARAY, JUAN DE@SOLIS",Macrocentro
-58.3901494894987,-34.6281636323374,R039,188.000000,MOMPOX@ANTEQUERA,Macrocentro
-58.3886508250942,-34.6225600071342,R040,196.000000,"CEVALLOS, Virrey@SAN JUAN",Macrocentro
-58.3923068425384,-34.6264552613261,R040,123.000000,COMBATE DE LOS POZOS@PAVON,Macrocentro
-58.3913289998031,-34.6252285959701,R040,191.000000,CONSTITUCION@ENTRE RIOS,Macrocentro
-58.3932061025148,-34.6274494024746,R040,122.000000,"GARAY, JUAN DE@SARANDI",Macrocentro
-58.389755534289,-34.6239819890472,R040,194.000000,SOLIS@COCHABAMBA,Macrocentro
-58.3901963432769,-34.6201372596686,R041,197.000000,"CALVO, CARLOS@SOLIS",Macrocentro
-58.3889136672457,-34.6188727139693,R041,221.000000,"CEVALLOS, Virrey@ESTADOS UNIDOS",Macrocentro
-58.3929269529567,-34.6228230291526,R041,126.000000,COMBATE DE LOS POZOS@SAN JUAN,Macrocentro
-58.3946012729399,-34.6254730802629,R041,121.000000,CONSTITUCION@RINCON,Macrocentro
-58.3915537205931,-34.6215599394555,R041,195.000000,ENTRE RIOS@HUMBERTO 1Ã‚Âª,Macrocentro
-58.3944957446941,-34.6205460914655,R042,125.000000,"CALVO, CARLOS@SARANDI",Macrocentro
-58.3889737473532,-34.6155711553111,R042,222.000000,"CEVALLOS, Virrey@MEXICO",Macrocentro
-58.3903511372825,-34.616792586613,R042,220.000000,CHILE@SOLIS,Macrocentro
-58.3932120964959,-34.6192370113393,R042,164.000000,COMBATE DE LOS POZOS@ESTADOS UNIDOS,Macrocentro
-58.3916970104713,-34.6181591999667,R042,219.000000,INDEPENDENCIA@ENTRE RIOS,Macrocentro
-58.3917102412968,-34.6138250397545,R043,224.000000,BELGRANO@ENTRE RIOS,Macrocentro
-58.3903660606322,-34.6137304445661,R043,225.000000,BELGRANO@SOLIS,Macrocentro
-58.3945465419996,-34.6170768434231,R043,163.000000,CHILE@SARANDI,Macrocentro
-58.3931825987332,-34.6157908875642,R043,165.000000,COMBATE DE LOS POZOS@MEXICO,Macrocentro
-58.3916767721282,-34.6149170316359,R043,223.000000,VENEZUELA@ENTRE RIOS,Macrocentro
-58.3919606233416,-34.6091693125616,R044,235.000000,CALLAO@RIVADAVIA,Macrocentro
-58.3933037230213,-34.6116034121709,R044,169.000000,"COMBATE DE LOS POZOS@ALSINA, ADOLFO",Macrocentro
-58.3906705027227,-34.6079110468281,R044,237.000000,"MITRE, BARTOLOME@RODRIGUEZ PENA",Macrocentro
-58.3876564806986,-34.6089209575863,R044,244.000000,"RIVADAVIA @SAENZ PENA, LUIS, PRES.",Macrocentro
-58.3904172680284,-34.6101778815322,R044,236.000000,"SOLIS@YRIGOYEN, HIPOLITO",Macrocentro
-58.3922863352975,-34.6044360871923,R045,240.000000,CALLAO@CORRIENTES,Macrocentro
-58.3921939209658,-34.6056470647742,R045,239.000000,CALLAO@SARMIENTO,Macrocentro
-58.3908194925039,-34.6043341013754,R045,241.000000,CORRIENTES@RODRIGUEZ PENA,Macrocentro
-58.3894591681094,-34.603011481956,R045,243.000000,LAVALLE@MONTEVIDEO,Macrocentro
-58.3935645057254,-34.6069238817226,R045,180.000000,"PERON, JUAN DOMINGO TTE.@RIOBAMBA",Macrocentro
-58.3952884565933,-34.604496869672,R046,181.000000,AYACUCHO@CORRIENTES,Macrocentro
-58.3939839045537,-34.6032066564226,R046,182.000000,LAVALLE@RIOBAMBA,Macrocentro
-58.3914239529202,-34.6007568564487,R046,457.000000,RODRIGUEZ PENA@VIAMONTE,Macrocentro
-58.3925922900479,-34.6019867341831,R046,242.000000,TUCUMAN@CALLAO,Macrocentro
-58.3885651215027,-34.5946761867737,R047,462.000000,ARENALES@PARANA,Macrocentro
-58.3875665457973,-34.5928304335287,R047,475.000000,JUNCAL@URUGUAY,Macrocentro
-58.3897828772752,-34.597195750754,R047,460.000000,"MONTEVIDEO@ALVEAR, MARCELO T. De",Macrocentro
-58.3899489730607,-34.5958014292894,R047,461.000000,MONTEVIDEO@SANTA FE,Macrocentro
-58.3930357808141,-34.5987117936585,R047,429.000000,PARAGUAY@CALLAO,Macrocentro
-58.3881151466243,-34.5883577057785,R048,473.000000,ALVEAR@CALLAO,Macrocentro
-58.3899661375208,-34.5883214271289,R048,471.000000,"AYACUCHO@QUINTANA MANUEL, PRES. AV.",Macrocentro
-63,-90,R048,498.000000,"DEL LIBERTADOR@SCHIAFFINO, EDUARDO",Macrocentro
-58.3889362402278,-34.5908450641374,R048,470.000000,GUIDO@RODRIGUEZ PENA,Macrocentro
-58.3883484127723,-34.5868033490596,R048,474.000000,POSADAS@AYACUCHO,Macrocentro
-58.3896641496802,-34.5994408362542,R048A,458.000000,MONTEVIDEO@CORDOBA,Macrocentro
-58.3893074452886,-34.60663011728,R048B,238.000000,"MONTEVIDEO@PERON, JUAN DOMINGO TTE.",Macrocentro
-58.3931959752485,-34.5948322982887,R049,433.000000,ARENALES@CALLAO,Macrocentro
-58.3919263178029,-34.5900682828302,R049,442.000000,"AYACUCHO@LOPEZ, VICENTE",Macrocentro
-58.3918909861384,-34.5917643151445,R049,441.000000,"CALLAO@LAS HERAS, GRAL.",Macrocentro
-58.3917498807132,-34.5885536833393,R049,472.000000,"GUIDO@ORTIZ, ROBERTO M., PRES.",Macrocentro
-58.3921584049399,-34.5939606124248,R049,459.000000,JUNCAL@RODRIGUEZ PENA,Macrocentro
-58.3939069432718,-34.5840538212457,R050,456.000000,"DEL LIBERTADOR@AGOTE, LUIS DR.",Macrocentro
-58.3973114868941,-34.5830791738037,R050,455.000000,DEL LIBERTADOR@AUSTRIA,Macrocentro
-58.3949776517986,-34.5863536682636,R050,445.000000,GUIDO@PUEYRREDON,Macrocentro
-58.3972871467435,-34.5874092663824,R050,438.000000,"LAS HERAS, GRAL.@ PUEYRREDON",Macrocentro
-58.3952842729467,-34.5878547437499,R050,444.000000,"LOPEZ, VICENTE@AZCUENAGA",Macrocentro
-58.3966239300216,-34.5894871607226,R051,437.000000,"AZCUENAGA@PACHECO DE MELO, JOSE ANDRES",Macrocentro
-58.4003544122291,-34.5901892218627,R051,419.000000,FRENCH@PUEYRREDON,Macrocentro
-58.3986053414982,-34.589864289618,R051,435.000000,LARREA@PEÃƒÂA,Macrocentro
-58.3949082277353,-34.5893179038191,R051,443.000000,"LAS HERAS, GRAL.@URIBURU JOSE E., Pres.",Macrocentro
-58.3967645704973,-34.5911539228029,R051,436.000000,"PEÃƒÂA@URIBURU JOSE E., Pres.",Macrocentro
-58.4002853856662,-34.596744092351,R052,405.000000,"ALVEAR, MARCELO T. De@AZCUENAGA",Macrocentro
-58.3971537970718,-34.594453064983,R052,426.000000,ARENALES@JUNIN,Macrocentro
-58.3957521955948,-34.5933858539193,R052,439.000000,AYACUCHO@JUNCAL,Macrocentro
-58.3938919605671,-34.5917969398509,R052,440.000000,"AYACUCHO@PACHECO DE MELO, JOSE ANDRES",Macrocentro
-58.3985216397984,-34.5953891108282,R052,425.000000,"SANTA FE@URIBURU JOSE E., Pres.",Macrocentro
-58.3960997682708,-34.5972983795888,R053,430.000000,"ALVEAR, MARCELO T. De@AYACUCHO",Macrocentro
-58.39331196171,-34.5958630382462,R053,432.000000,CALLAO@SANTA FE,Macrocentro
-58.3999209291186,-34.5996215505251,R053,423.000000,CORDOBA@PASTEUR,Macrocentro
-58.39732727809,-34.5985774727212,R053,424.000000,JUNIN@PARAGUAY,Macrocentro
-58.3946866383847,-34.5958090213686,R053,431.000000,SANTA FE@RIOBAMBA,Macrocentro
-58.3956640350564,-34.6009346883892,R054,427.000000,AYACUCHO@VIAMONTE,Macrocentro
-58.4009772332044,-34.6011627114927,R054,401.000000,AZCUENAGA@VIAMONTE,Macrocentro
-58.3943961312889,-34.599674007976,R054,428.000000,CORDOBA@RIOBAMBA,Macrocentro
-58.3970186892255,-34.6021858242977,R054,177.000000,JUNIN@TUCUMAN,Macrocentro
-58.3983702479282,-34.6033046150772,R054,176.000000,"LAVALLE@ URIBURU JOSE E., Pres.",Macrocentro
-58.4016698748441,-34.6109986369966,R055,149.000000,"ALBERTI@YRIGOYEN, HIPOLITO",Macrocentro
-58.4004706756823,-34.6097991842258,R055,170.000000,AZCUENAGA@RIVADAVIA,Macrocentro
-58.3965912972229,-34.6059547489232,R055,175.000000,JUNIN@SARMIENTO,Macrocentro
-58.3992132625063,-34.6084715861598,R055,171.000000,"PASTEUR@MITRE,BARTOLOME",Macrocentro
-58.3978498570346,-34.6072390635193,R055,173.000000,"URIBURU JOSE E., Pres.@PERON,JUAN DOMINGO, TTE.",Macrocentro
-58.3989629685951,-34.6119841896178,R056,161.000000,"ALSINA, ADOLFO@PICHINCHA",Macrocentro
-58.3962866294024,-34.6094839385774,R056,178.000000,JUNIN@RIVADAVIA,Macrocentro
-58.3949424910058,-34.6081585735278,R056,179.000000,"MITRE, BARTOLOME@AYACUCHO",Macrocentro
-58.4002239206033,-34.6132015056221,R056,159.000000,MORENO@MATHEU,Macrocentro
-58.3974722200233,-34.610683002841,R056,172.000000,"YRIGOYEN, HIPOLITO@PASCO",Macrocentro
-58.3990629750036,-34.617447887507,R057,157.000000,CHILE@PICHINCHA,Macrocentro
-58.3977358391893,-34.6161643256434,R057,158.000000,MEXICO@PASCO,Macrocentro
-58.3961349614403,-34.6141367007055,R057,166.000000,RINCON@BELGRANO,Macrocentro
-58.3947197361338,-34.6128827058522,R057,168.000000,SARANDI@MORENO,Macrocentro
-58.3946263199574,-34.6151447067005,R057,167.000000,SARANDI@VENEZUELA,Macrocentro
-58.4004212138704,-34.6235629562489,R058,103.000000,ALBERTI@SAN JUAN,Macrocentro
-58.3984962015762,-34.6208059478701,R058,117.000000,"CALVO, CARLOS@PICHINCHA",Macrocentro
-58.3974410504213,-34.6196004867289,R058,119.000000,ESTADOS UNIDOS@PASCO,Macrocentro
-58.3995725416575,-34.6220821874536,R058,116.000000,HUMBERTO 1Ã‚Âª@MATHEU,Macrocentro
-58.3959897362211,-34.6183817713795,R058,162.000000,INDEPENDENCIA@RINCON,Macrocentro
-58.400089038487,-34.6273200970578,R059,113.000000,ALBERTI@PAVON,Macrocentro
-58.3975034309947,-34.6244740683883,R059,115.000000,COCHABAMBA@PICHINCHA,Macrocentro
-58.3989140211954,-34.6259726113844,R059,114.000000,CONSTITUCION@MATHEU,Macrocentro
-58.3956417660449,-34.6217471908948,R059,124.000000,HUMBERTO 1Ã‚Âª@RINCON,Macrocentro
-58.3963622848686,-34.6230598134502,R059,118.000000,PASCO@SAN JUAN,Macrocentro
-58.3991623554841,-34.6311242517241,R060,109.000000,ALBERTI@BRASIL,Macrocentro
-58.3968657082538,-34.6280975105882,R060,111.000000,"GARAY, JUAN DE@PICHINCHA",Macrocentro
-58.3981936867329,-34.6295111548868,R060,110.000000,MATHEU@INCLAN,Macrocentro
-58.3955258497307,-34.6267874403085,R060,120.000000,PASCO@PAVON,Macrocentro
-58.3959240605323,-34.6315640147987,R060,112.000000,"PICHINCHA@ECHAGUE, PEDRO",Macrocentro
-58.3989056422123,-34.6359170913522,R061,7.000000,CASEROS@JUJUY,Macrocentro
-58.4001275429599,-34.6326585337774,R061,106.000000,"CASTILLO, CATULO@JUJUY",Macrocentro
-58.401257362125,-34.6340990848917,R061,87.000000,CATAMARCA@15 DE NOVIEMBRE DE 1889,Macrocentro
-58.3968570261991,-34.633047880859,R061,108.000000,MATHEU@15 DE NOVIEMBRE DE 1889,Macrocentro
-58.3978686016044,-34.634508259326,R061,107.000000,RONDEAU@ALBERTI,Macrocentro
-58.4045392714973,-34.6331634095698,R062,84.000000,BRASIL@DEAN FUNES,Macrocentro
-58.4037808759278,-34.6367944312558,R062,6.000000,CASEROS@DEAN FUNES,Macrocentro
-58.4058863596701,-34.6347257855442,R062,82.000000,"LA RIOJA@CASTILLO, CATULO",Macrocentro
-58.4032561799794,-34.631417240951,R062,88.000000,"LUCA, ESTEBAN de@SALCEDO",Macrocentro
-58.4024438871413,-34.635178091463,R062,86.000000,"RONDEAU@LUCA, ESTEBAN de",Macrocentro
-58.4028782848624,-34.6265949233451,R063,99.000000,CATAMARCA@CONSTITUCION,Macrocentro
-58.4022255821144,-34.6301453540861,R063,90.000000,CATAMARCA@INCLAN,Macrocentro
-58.4018453703439,-34.6252011954324,R063,101.000000,COCHABAMBA@JUJUY,Macrocentro
-58.4011009205612,-34.6286932637709,R063,92.000000,"GARAY, JUAN DE@JUJUY",Macrocentro
-58.4008613043003,-34.6300110034681,R063,91.000000,JUJUY@INCLAN,Macrocentro
-58.4008841767572,-34.619734186239,R064,105.000000,ALBERTI@ESTADOS UNIDOS,Macrocentro
-58.4017655078496,-34.6210548865049,R064,104.000000,"CALVO, CARLOS@SAAVEDRA",Macrocentro
-58.4040161025975,-34.6240077825102,R064,100.000000,CATAMARCA@SAN JUAN,Macrocentro
-58.4024789085394,-34.6224404998348,R064,102.000000,HUMBERTO 1Ã‚Âª@JUJUY,Macrocentro
-58.4000392763009,-34.6186035747711,R064,156.000000,INDEPENDENCIA@MATHEU,Macrocentro
-58.4013532073697,-34.6144316297706,R065,140.000000,ALBERTI@BELGRANO,Macrocentro
-58.4035128743652,-34.6188402475528,R065,135.000000,INDEPENDENCIA@JUJUY,Macrocentro
-58.4011670450117,-34.6165602036053,R065,137.000000,MEXICO@ALBERTI,Macrocentro
-58.3992290483061,-34.6151502168491,R065,160.000000,PICHINCHA@VENEZUELA,Macrocentro
-58.4024608087841,-34.6177787795598,R065,136.000000,SAAVEDRA@CHILE,Macrocentro
-58.4032403492131,-34.6122850218322,R066,139.000000,"ALSINA, ADOLFO@SAAVEDRA",Macrocentro
-58.4058170255384,-34.6160943449042,R066,128.000000,CATAMARCA@VENEZUELA,Macrocentro
-58.4065723085545,-34.6178122909988,R066,127.000000,DEAN FUNES@MEXICO,Macrocentro
-58.4049118390298,-34.6146392904238,R066,133.000000,JUJUY@BELGRANO,Macrocentro
-58.4042182971691,-34.6133964507613,R066,138.000000,MISIONES@MORENO,Macrocentro
-58.4007220200017,-34.60615354406,R067,151.000000,AZCUENAGA@SARMIENTO,Macrocentro
-58.3994796228056,-34.6046353859512,R067,174.000000,CORRIENTES@PASTEUR,Macrocentro
-58.4019681017201,-34.6074709806865,R067,150.000000,"LARREA@PERON, JUAN DOMINGO, TTE.",Macrocentro
-58.4033973321685,-34.6086987000481,R067,148.000000,"PASO@MITRE, BARTOLOME",Macrocentro
-58.4021370483565,-34.6047137079083,R068,154.000000,CORRIENTES@LARREA,Macrocentro
-58.4035789862252,-34.6056144490685,R068,152.000000,"GOMEZ, VALENTIN@PASO",Macrocentro
-58.4023035866085,-34.602090804633,R068,155.000000,LARREA@TUCUMAN,Macrocentro
-58.4061198155744,-34.6077438313952,R068,142.000000,"PUEYRREDON@PERON, JUAN DOMINGO, TTE.",Macrocentro
-58.4046581492783,-34.6064586606444,R068,143.000000,SARMIENTO@CASTELLI,Macrocentro
-58.4053505525969,-34.5903264665011,R069,409.000000,AGUERO@BERUTI,Macrocentro
-58.4041695745989,-34.5925150772752,R069,408.000000,"ANCHORENA, TOMAS M. DE, DR@ARENALES",Macrocentro
-58.4028222579984,-34.5958248341523,R069,404.000000,CHARCAS@PUEYRREDON,Macrocentro
-58.403613476124,-34.5940778282659,R069,403.000000,ECUADOR@SANTA FE,Macrocentro
-58.4020881800966,-34.5977677159742,R069,402.000000,LARREA@PARAGUAY,Macrocentro
-58.4018462246989,-34.5933292541914,R070,416.000000,ARENALES@PUEYRREDON,Macrocentro
-58.3987423010488,-34.592497563875,R070,434.000000,AZCUENAGA@JUNCAL,Macrocentro
-58.4003572172146,-34.5929324310432,R070,417.000000,BERUTI@LARREA,Macrocentro
-58.4032617674659,-34.5903546935205,R070,415.000000,JUNCAL@LAPRIDA,Macrocentro
-58.4010325343144,-34.5915634236954,R070,418.000000,PUEYRREDON@JUNCAL,Macrocentro
-58.4019800842863,-34.5878468495049,R071,420.000000,AGUERO@PEÃƒÂA,Macrocentro
-58.4050649737856,-34.5845921581165,R071,446.000000,"BILLINGHURST@PACHECO DE MELO, JOSE ANDRES",Macrocentro
-58.3998903899408,-34.5876927578685,R071,422.000000,"LAPRIDA@PACHECO DE MELO, JOSE ANDRES",Macrocentro
-58.4027651339621,-34.5859526542798,R071,421.000000,"PACHECO DE MELO, JOSE ANDRES@BOLLINI",Macrocentro
-58.4045173361323,-34.5863337995473,R071,414.000000,PEÃƒÂA@SANCHEZ DE BUSTAMANTE,Macrocentro
-58.4047077666726,-34.5826192317438,R072,448.000000,CABELLO@ORTIZ DE OCAMPO,Macrocentro
-58.4046888170581,-34.5804801906999,R072,451.000000,"DEL LIBERTADOR@DIAZ, CNEL.",Macrocentro
-58.4015314763774,-34.5820456153735,R072,454.000000,DEL LIBERTADOR@SANCHEZ DE BUSTAMANTE,Macrocentro
-58.3999308864117,-34.585025347146,R072,453.000000,"LAS HERAS, GRAL.@AUSTRIA",Macrocentro
-58.402043927157,-34.5834271952439,R072,452.000000,"SANCHEZ DE BUSTAMANTE@LAS HERAS, GRAL.",Macrocentro
-58.4062336148839,-34.5811818597344,R073,450.000000,BULNES@CERVIÃƒÂO,Macrocentro
-58.4076855037508,-34.5816807127655,R073,449.000000,"CABELLO@RUGGIERI, SILVIO L.",Macrocentro
-58.4061723836442,-34.583459248882,R073,447.000000,"DIAZ, CNEL.@LAS HERAS, GRAL.",Macrocentro
-58.4092023182724,-34.5825408585294,R073,392.000000,"LAS HERAS, GRAL.@PAUNERO",Macrocentro
-58.4101888925252,-34.5822366970278,R073,391.000000,"LAS HERAS, GRAL.@SALGUERO, JERONIMO",Macrocentro
-58.4040544352987,-34.5880333643983,R074,413.000000,AUSTRIA@FRENCH,Macrocentro
-58.4082791947861,-34.588167651166,R074,410.000000,BILLINGHURST@BERUTI,Macrocentro
-58.4066233783537,-34.5863261229356,R074,412.000000,BILLINGHURST@FRENCH,Macrocentro
-58.4083166983133,-34.5865459127439,R074,389.000000,"DIAZ, CNEL.@JUNCAL",Macrocentro
-58.4064511015278,-34.5879825185307,R074,411.000000,JUNCAL@SANCHEZ DE BUSTAMANTE,Macrocentro
-58.4070220451115,-34.5901942068085,R075,407.000000,ARENALES@AUSTRIA,Macrocentro
-58.407938245617,-34.5908691551865,R075,385.000000,AUSTRIA@SANTA FE,Macrocentro
-58.4100810503242,-34.5890571391099,R075,386.000000,"DIAZ, CNEL.@SANTA FE",Macrocentro
-58.4097511861984,-34.5912848317219,R075,384.000000,GUEMES@SANCHEZ DE BUSTAMANTE,Macrocentro
-58.4088972430591,-34.5900421548367,R075,387.000000,SANCHEZ DE BUSTAMANTE@SANTA FE,Macrocentro
-58.4084614864623,-34.5930595466192,R076,383.000000,AGUERO@CHARCAS,Macrocentro
-58.4060901595307,-34.5942098523384,R076,399.000000,"CHARCAS@ANCHORENA, TOMAS M. DE, DR",Macrocentro
-58.4065068514,-34.5970025476131,R076,398.000000,"JAURES, JEAN@PARAGUAY",Macrocentro
-58.4078697955194,-34.5949902732045,R076,397.000000,"LAPRIDA@MANSILLA, LUCIO NORBERTO, GRAL.",Macrocentro
-58.4060817328833,-34.5925714036137,R076,406.000000,LAPRIDA@SANTA FE,Macrocentro
-58.4091784898364,-34.6008441077826,R077,366.000000,"ANCHORENA, TOMAS M. DE, DR@TUCUMAN",Macrocentro
-58.4037215188741,-34.5984550920838,R077,400.000000,CORDOBA@PUEYRREDON,Macrocentro
-58.4063114763871,-34.5996576304291,R077,396.000000,ECUADOR@SAN LUIS,Macrocentro
-58.4077598219252,-34.6011106704286,R077,393.000000,"TUCUMAN@JAURES, JEAN",Macrocentro
-58.408150638501,-34.6020115356946,R077,365.000000,3001ZELAYA,Macrocentro
-58.4107707970464,-34.6051091820774,R078,79.000000,"ANCHORENA, TOMAS M. DE, DR@GOMEZ, VALENTIN",Macrocentro
-58.4059288571317,-34.6017273202545,R078,147.000000,BOULOGNE SUR MER@TUCUMAN,Macrocentro
-58.4089147384703,-34.6041189745628,R078,80.000000,"CORRIENTES@JAURES, JEAN",Macrocentro
-58.407407657311,-34.6030226263646,R078,145.000000,LAVALLE@ECUADOR,Macrocentro
-58.4044961193274,-34.6008833739785,R078,395.000000,PUEYRREDON@VIAMONTE,Macrocentro
-58.4069488591845,-34.6054141970341,R079,144.000000,"GOMEZ, VALENTIN@BOULOGNE SUR MER",Macrocentro
-58.410470153692,-34.6079359895356,R079,77.000000,"JAURES, JEAN@PERON. JUAN DOMINGO, TTE.",Macrocentro
-58.4036227984964,-34.6034038948362,R079,153.000000,LAVALLE@PASO,Macrocentro
-58.4054694627547,-34.604563691103,R079,146.000000,PUEYRREDON@CORRIENTES,Macrocentro
-58.4087383922122,-34.6066817383753,R079,78.000000,SARMIENTO@ ECUADOR,Macrocentro
-58.4087131752227,-34.6126110998153,R080,130.000000,"ALSINA, ADOLFO@LA RIOJA",Macrocentro
-58.4128163607609,-34.6154434408043,R080,61.000000,BELGRANO@SANCHEZ DE LORIA,Macrocentro
-58.4073361935856,-34.6113705084575,R080,132.000000,CATAMARCA@YRIGOYEN HIPOLITO,Macrocentro
-58.4142554504767,-34.6166315980905,R080,56.000000,LINIERS VIRREY@VENEZUELA,Macrocentro
-58.4098725506062,-34.613994966662,R080,64.000000,"MORENO@URQUIZA, Gral.",Macrocentro
-58.4069414784488,-34.6125043134172,R081,131.000000,"ALSINA, ADOLFO@CATAMARCA",Macrocentro
-58.4058375264833,-34.6112638290789,R081,134.000000,"JUJUY@YRIGOYEN, HIPOLITO",Macrocentro
-58.4084009926673,-34.6150864018624,R081,129.000000,LA RIOJA@BELGRANO,Macrocentro
-58.4059659038036,-34.6101207485117,R081,141.000000,RIVADAVIA@PUEYRREDON,Macrocentro
-58.4094551878429,-34.6166133292601,R081,62.000000,URQUIZA@VENEZUELA,Macrocentro
-58.4105884397203,-34.622693749822,R082,38.000000,"CALVO, CARLOS@24 DE NOVIEMBRE",Macrocentro
-58.4091757765824,-34.6212638637676,R082,39.000000,"ESTADOS UNIDOS@URQUIZA, Gral.",Macrocentro
-58.4122197514261,-34.6239925794759,R082,34.000000,HUMBERTO 1Ã‚Âª@SANCHEZ DE LORIA,Macrocentro
-58.4077803588436,-34.6197201613158,R082,96.000000,INDEPENDENCIA@LA RIOJA,Macrocentro
-58.4135721914643,-34.6251408464341,R082,31.000000,SAN JUAN@LINIERS VIRREY,Macrocentro
-58.4061514105563,-34.6218189262217,R083,97.000000,"CALVO, CARLOS@DEAN FUNES",Macrocentro
-58.4047826739035,-34.6201972426575,R083,98.000000,CATAMARCA@ESTADOS UNIDOS,Macrocentro
-58.4102085957728,-34.6263073021778,R083,35.000000,COCHABAMBA@24 DE NOVIEMBRE,Macrocentro
-58.4072162150339,-34.6232159429551,R083,95.000000,HUMBERTO 1Ã‚Âª@LA RIOJA,Macrocentro
-58.4088754569839,-34.624600747795,R083,36.000000,"SAN JUAN@URQUIZA, Gral.",Macrocentro
-58.4098689533186,-34.6298884024981,R084,27.000000,"24DE NOVIEMBRE@GARAY, JUAN DE",Macrocentro
-58.4067551209383,-34.6272033326865,R084,93.000000,CONSTITUCION@LA RIOJA,Macrocentro
-58.4056012727879,-34.6257661297482,R084,94.000000,DEAN FUNES@COCHABAMBA,Macrocentro
-58.4116345266087,-34.6316978761935,R084,24.000000,INCLAN@SANCHEZ DE LORIA,Macrocentro
-58.408485058593,-34.6283328838542,R084,83.000000,PAVON@URQUIZA,Macrocentro
-58.4161635321349,-34.6375044549979,R085,2.000000,BOEDO@CHICLANA,Macrocentro
-58.4054540088056,-34.6291845562034,R085,85.000000,"CHICLANA@GARAY, JUAN DE",Macrocentro
-58.4124089211173,-34.6352176094771,R085,23.000000,CHICLANA@LINIERS VIRREY,Macrocentro
-58.4043012056674,-34.6278302320853,R085,89.000000,CHICLANA@PAVON,Macrocentro
-58.4081015049421,-34.6320976266322,R085,81.000000,"CHICLANA@URQUIZA, Gral",Macrocentro
-58.4093471693751,-34.6347200946363,R086,25.000000,BRASIL@24 DE NOVIEMBRE,Macrocentro
-58.4090536702349,-34.6377213300987,R086,4.000000,CASEROS@24 DE NOVIEMBRE,Macrocentro
-58.4170868049088,-34.6391083059055,R086,1.000000,CASEROS@RAULET,Macrocentro
-58.411910032114,-34.6370645750074,R086,3.000000,LINIERS VIRREY@RONDEAU,Macrocentro
-58.4076678329738,-34.6363532040853,R086,5.000000,"RONDEAU@URQUIZA, Gral.",Macrocentro
-58.4161065807686,-34.634060730614,R087,16.000000,BOEDO@SALCEDO,Macrocentro
-58.4178287024156,-34.6329581006531,R087,9.000000,"CASTRO, BARROS@INCLAN",Macrocentro
-58.4179090271613,-34.6355331438087,R087,8.000000,"CASTRO,BARROS@LAS CASAS",Macrocentro
-58.4141665515953,-34.6347154172651,R087,17.000000,LAS CASAS@MAZA,Macrocentro
-58.4130310127421,-34.6333344930001,R087,18.000000,LINIERS VIRREY@SALCEDO,Macrocentro
-58.4119310591621,-34.627586243325,R088,26.000000,CONSTITUCION@SANCHEZ DE LORIA,Macrocentro
-58.4159558265174,-34.631380936227,R088,19.000000,"GARAY, JUAN DE@BOEDO",Macrocentro
-58.4132509194612,-34.6287404862781,R088,22.000000,LINIERS VIRREY@TARIJA,Macrocentro
-58.414594586613,-34.6267950422882,R088,29.000000,MAZA@COCHABAMBA,Macrocentro
-58.4145290943856,-34.6298494852392,R088,21.000000,MAZA@PAVON,Macrocentro
-58.4159358121056,-34.6278745443861,R089,20.000000,BOEDO@CONSTITUCION,Macrocentro
-58.4191078674932,-34.6245972278542,R089,11.000000,"CALVO, CARLOS@CASTRO, BARROS",Macrocentro
-58.4180571374055,-34.6291253106737,R089,10.000000,"CASTRO, BARROS@TARIJA",Macrocentro
-58.4184960533206,-34.6272438579422,R089,12.000000,"COCHABAMBA@CASTRO, BARROS",Macrocentro
-58.4176816650622,-34.6256639290008,R089,13.000000,COLOMBRES@SAN JUAN,Macrocentro
-58.414809756603,-34.6235919899692,R090,30.000000,"CALVO, CARLOS@MAZA",Macrocentro
-58.4136827801949,-34.6220858566953,R090,33.000000,ESTADOS UNIDOS@LINIERS VIRREY,Macrocentro
-58.4161643595108,-34.6245813512214,R090,28.000000,HUMBERTO 1Ã‚Âª@BOEDO,Macrocentro
-58.4125438805753,-34.6206423153354,R090,37.000000,INDEPENDENCIA@SANCHEZ DE LORIA,Macrocentro
-58.4109895670231,-34.6190496385037,R090,60.000000,MEXICO@24 DE NOVIEMBRE,Macrocentro
-58.4153417595427,-34.6183849037288,R091,55.000000,AGRELO@MAZA,Macrocentro
-58.4194257868238,-34.6211934909251,R091,14.000000,"CASTRO, BARROS@INDEPENDENCIA",Macrocentro
-58.4179433282025,-34.6225923710523,R091,16.000000,COLOMBRES@ESTADOS UNIDOS,Macrocentro
-58.4182745592977,-34.6174633693464,R091,41.000000,COLOMBRES@VENEZUELA,Macrocentro
-58.4165096856802,-34.6209772030762,R091,32.000000,INDEPENDENCIA@BOEDO,Macrocentro
-58.4131163062415,-34.6134164480908,R092,59.000000,"ALSINA, ADOLFO@SANCHEZ DE LORIA",Macrocentro
-58.4117791241007,-34.6092234211819,R092,74.000000,"ANCHORENA, TOMAS M. DE, DR@MITRE, BARTOLOME",Macrocentro
-58.4147840368921,-34.613053228112,R092,58.000000,LINIERS VIRREY@YRIGOYEN HIPOLITO,Macrocentro
-58.4103464384571,-34.6104395491802,R092,76.000000,"RIVADAVIA@JAURES, JEAN",Macrocentro
-58.411681007168,-34.6118571379052,R092,63.000000,"YRIGOYEN, HIPOLITO@24 DE NOVIEMBRE",Macrocentro
-58.4170174986559,-34.6156969965589,R093,44.000000,BOEDO@BELGRANO,Macrocentro
-58.4178350318434,-34.612493664551,R093,45.000000,BOEDO@DON BOSCO,Macrocentro
-58.4200802252632,-34.6158436741848,R093,40.000000,CASTRO BARROS@BELGRANO,Macrocentro
-58.4186504651141,-34.6142768420697,R093,43.000000,COLOMBRES@YRIGOYEN HIPOLITO,Macrocentro
-58.4159702660314,-34.6144398648705,R093,57.000000,MORENO@MAZA,Macrocentro
-58.4160650536739,-34.6085362366311,R094,65.000000,BILLINGHURST@DIAZ VELEZ,Macrocentro
-58.4174059527125,-34.6095552997921,R094,50.000000,"BRAVO, MARIO@MITRE, BARTOLOME",Macrocentro
-58.4210093840996,-34.6114803165841,R094,42.000000,MEDRANO@RIVADAVIA,Macrocentro
-58.4173398669325,-34.6109424383716,R094,49.000000,RIVADAVIA@MAZA,Macrocentro
-58.4144670537555,-34.6107364000959,R094,66.000000,RIVADAVIA@SANCHEZ DE BUSTAMANTE,Macrocentro
-58.4187886720241,-34.6085381620811,R095,48.000000,BULNES@DIAZ VELEZ,Macrocentro
-58.4139370059417,-34.6073460648632,R095,67.000000,"GALLO@PERON, JUAN DOMINGO, TTE.",Macrocentro
-58.4214129224846,-34.6072678346426,R095,46.000000,MEDRANO@POTOSI,Macrocentro
-58.4172750384046,-34.6068881103026,R095,51.000000,"PERON, JUAN DOMINGO, TTE.@BRAVO, MARIO",Macrocentro
-58.4198543425487,-34.6060092226699,R095,52.000000,"PERON, JUAN DOMINGO, TTE.@SALGUERO, JERONIMO",Macrocentro
-58.4123989800108,-34.6063692770322,R096,75.000000,AGUERO@SARMIENTO,Macrocentro
-58.4131834873955,-34.6041375428671,R096,72.000000,CORRIENTES@GALLO,Macrocentro
-58.414733316928,-34.6049725597749,R096,71.000000,"GOMEZ, VALENTIN@SANCHEZ DE BUSTAMANTE",Macrocentro
-58.4128039941833,-34.6025116936438,R096,73.000000,GUARDIA VIEJA@GALLO,Macrocentro
-58.4112302300943,-34.6020606000083,R096,363.000000,LAVALLE@AGUERO,Macrocentro
-58.4160283280601,-34.6056700595523,R097,68.000000,BILLINGHURST@SARMIENTO,Macrocentro
-58.4167465500152,-34.6035983534471,R097,69.000000,"BRAVO, MARIO@CORRIENTES",Macrocentro
-58.4182162013915,-34.6045382996519,R097,54.000000,"BULNES@GOMEZ, VALENTIN",Macrocentro
-58.4193396479606,-34.6020499475433,R097,53.000000,"HUMAHUACA@SALGUERO, JERONIMO",Macrocentro
-58.4209545110664,-34.6031750605567,R097,47.000000,MEDRANO@CORRIENTES,Macrocentro
-58.4105902230752,-34.5993924095732,R098,367.000000,AGUERO@SAN LUIS,Macrocentro
-58.4081479693131,-34.5980689672736,R098,394.000000,"CORDOBA@ANCHORENA, TOMAS M. DE, DR",Macrocentro
-58.412278924117,-34.6002435036609,R098,362.000000,GALLO@TUCUMAN,Macrocentro
-58.4154692510305,-34.6026521956252,R098,70.000000,HUMAHUACA@BILLINGHURST,Macrocentro
-58.413988761025,-34.6011289509509,R098,356.000000,LAVALLE@SANCHEZ DE BUSTAMANTE,Macrocentro
-58.4177940524362,-34.6009589251301,R099,345.000000,BULNES@GUARDIA VIEJA,Macrocentro
-58.4175077334829,-34.5988776835129,R099,347.000000,BULNES@TUCUMAN,Macrocentro
-58.4206097083023,-34.6006989329316,R099,344.000000,GUARDIA VIEJA@MEDRANO,Macrocentro
-58.4161433288645,-34.6004529350793,R099,353.000000,"LAVALLE@BRAVO, MARIO",Macrocentro
-58.4190034319232,-34.5995402257438,R099,346.000000,"LAVALLE@SALGUERO, JERONIMO",Macrocentro
-58.4142348775854,-34.5967707824378,R100,360.000000,"BILLINGHURST@CABRERA, JOSE A.",Macrocentro
-58.411918831979,-34.5980030577628,R100,364.000000,CORDOBA@GALLO,Macrocentro
-58.4132525679176,-34.5979487441089,R100,357.000000,CORDOBA@SANCHEZ DE BUSTAMANTE,Macrocentro
-58.4116198613635,-34.596255893595,R100,368.000000,GALLO@SOLER,Macrocentro
-58.4149301623323,-34.5996003211375,R100,355.000000,TUCUMAN@BILLINGHURST,Macrocentro
-58.4160005075329,-34.5978547523678,R101,354.000000,"BRAVO, MARIO@CORDOBA",Macrocentro
-58.4167462199638,-34.5955383964964,R101,359.000000,BULNES@GORRITI,Macrocentro
-58.4155178351043,-34.5967129731192,R101,358.000000,"CABRERA, JOSE A.@BRAVO, MARIO",Macrocentro
-58.4187247131404,-34.5965640948556,R101,350.000000,"CABRERA, JOSE A.@SALGUERO, JERONIMO",Macrocentro
-58.4201627056833,-34.5977631726092,R101,348.000000,CORDOBA@MEDRANO,Macrocentro
-58.409623643449,-34.5956625532946,R102,370.000000,AGUERO@PARAGUAY,Macrocentro
-58.4121208035189,-34.5928756883262,R102,381.000000,"BILLINGHURST@MANSILLA, LUCIO NORBERTO, GRAL.",Macrocentro
-58.4127440327861,-34.5936942872105,R102,361.000000,BILLINGHURST@PARAGUAY,Macrocentro
-58.4123908456426,-34.5917508963719,R102,382.000000,"CHARCAS@DIAZ, CNEL.",Macrocentro
-58.410329887334,-34.5939298331384,R102,369.000000,"GALLO@MANSILLA, LUCIO NORBERTO, GRAL.",Macrocentro
-58.4143936645809,-34.594054049298,R103,374.000000,"DIAZ, CNEL.@SOLER",Macrocentro
-58.4161006209604,-34.5927439574362,R103,371.000000,EL SALVADOR@BULNES,Macrocentro
-58.4180564952886,-34.5927732816307,R103,351.000000,"EL SALVADOR@SALGUERO, JERONIMO",Macrocentro
-58.4195675658403,-34.594138737557,R103,349.000000,HONDURAS@MEDRANO,Macrocentro
-58.4169243783557,-34.5921299489185,R103,373.000000,SOLER@VIDT,Macrocentro
-58.4151526519043,-34.5917737652332,R104,372.000000,BULNES@PARAGUAY,Macrocentro
-58.4147213667364,-34.5899107755826,R104,378.000000,CHARCAS@VIDT,Macrocentro
-58.4137467102991,-34.5916915860848,R104,375.000000,"GUISE@MANSILLA, LUCIO NORBERTO, GRAL.",Macrocentro
-58.416654088019,-34.5897990510093,R104,376.000000,"MANSILLA, LUCIO NORBERTO, GRAL.@SALGUERO, JERONIMO",Macrocentro
-58.4183730089789,-34.5899415243041,R104,352.000000,MEDRANO@DEL SIGNO,Macrocentro
-58.4131582209425,-34.5857256869891,R105,390.000000,"ALVAREZ, JULIAN@ARENALES",Macrocentro
-58.4116875713187,-34.5857990977462,R105,388.000000,"BERUTI@SALGUERO, JERONIMO",Macrocentro
-58.4127578904391,-34.589322992193,R105,379.000000,BULNES@GUEMES,Macrocentro
-58.4145416750003,-34.588152887899,R105,377.000000,"GUEMES@SALGUERO, JERONIMO",Macrocentro
-58.4131550778121,-34.5870039059798,R105,380.000000,"SALGUERO, JERONIMO@SANTA FE",Macrocentro
-58.3587766516986,-34.6113814347358,R002,343.000000,"GIRALT, HERNAN M., INT., A@VILLAFLOR, AZUCENA",Macrocentro
-58.3638832348297,-34.6119825360993,R002,511.000000,"VILLAFLOR, AZUCENA@DEALESSI, PIERINA",Macrocentro
-58.3628795071574,-34.6175745869202,R002,517.000000,"VERA PENALOZA, ROSARIO@DEALESSI, PIERINA",Macrocentro
-58.3615475636747,-34.6232779871779,R001,520.000000,"RAWSON DE DELLEPIANE, ELVIRA@DEALESSI, PIERINA",Macrocentro
-58.3569645758648,-34.616958158972,R001,341.000000,"PADRE M. L. MIGONE@ACHAVAL RODRIGUEZ, T., DR.",Macrocentro
