centroide,cantidad_ciclistas,X,Y,RECORRIDO,CENTROIDE,CRUCE,ÃREA,geometry
1,3.1,-58.4170868049088,-34.6391083059055,R086,1.0,CASEROS@RAULET,Macrocentro,POINT (-58.4170868049088 -34.6391083059055)
2,8.6,-58.4161635321349,-34.6375044549979,R085,2.0,BOEDO@CHICLANA,Macrocentro,POINT (-58.4161635321349 -34.6375044549979)
4,6.4,-58.4090536702349,-34.6377213300987,R086,4.0,CASEROS@24 DE NOVIEMBRE,Macrocentro,POINT (-58.4090536702349 -34.6377213300987)
5,4.9,-58.4076678329738,-34.6363532040853,R086,5.0,"RONDEAU@URQUIZA, Gral.",Macrocentro,POINT (-58.4076678329738 -34.6363532040853)
7,6.1000000000000005,-58.3989056422123,-34.6359170913522,R061,7.0,CASEROS@JUJUY,Macrocentro,POINT (-58.3989056422123 -34.6359170913522)
10,1.1,-58.4180571374055,-34.6291253106737,R089,10.0,"CASTRO, BARROS@TARIJA",Macrocentro,POINT (-58.4180571374055 -34.6291253106737)
11,4.0,-58.4191078674932,-34.6245972278542,R089,11.0,"CALVO, CARLOS@CASTRO, BARROS",Macrocentro,POINT (-58.4191078674932 -34.6245972278542)
17,4.2,-58.4141665515953,-34.6347154172651,R087,17.0,LAS CASAS@MAZA,Macrocentro,POINT (-58.4141665515953 -34.6347154172651)
18,8.200000000000001,-58.4130310127421,-34.6333344930001,R087,18.0,LINIERS VIRREY@SALCEDO,Macrocentro,POINT (-58.4130310127421 -34.6333344930001)
20,3.1,-58.4159358121056,-34.6278745443861,R089,20.0,BOEDO@CONSTITUCION,Macrocentro,POINT (-58.4159358121056 -34.6278745443861)
24,1.8,-58.4116345266087,-34.6316978761935,R084,24.0,INCLAN@SANCHEZ DE LORIA,Macrocentro,POINT (-58.4116345266087 -34.6316978761935)
27,3.0,-58.4098689533186,-34.6298884024981,R084,27.0,"24DE NOVIEMBRE@GARAY, JUAN DE",Macrocentro,POINT (-58.4098689533186 -34.6298884024981)
29,1.5,-58.414594586613,-34.6267950422882,R088,29.0,MAZA@COCHABAMBA,Macrocentro,POINT (-58.414594586613 -34.6267950422882)
31,14.9,-58.4135721914643,-34.6251408464341,R082,31.0,SAN JUAN@LINIERS VIRREY,Macrocentro,POINT (-58.4135721914643 -34.6251408464341)
32,11.8,-58.4165096856802,-34.6209772030762,R091,32.0,INDEPENDENCIA@BOEDO,Macrocentro,POINT (-58.4165096856802 -34.6209772030762)
34,2.8000000000000003,-58.4122197514261,-34.6239925794759,R082,34.0,HUMBERTO 1Ã‚Âª@SANCHEZ DE LORIA,Macrocentro,POINT (-58.4122197514261 -34.6239925794759)
38,18.3,-58.4105884397203,-34.622693749822,R082,38.0,"CALVO, CARLOS@24 DE NOVIEMBRE",Macrocentro,POINT (-58.4105884397203 -34.622693749822)
39,5.2,-58.4091757765824,-34.6212638637676,R082,39.0,"ESTADOS UNIDOS@URQUIZA, Gral.",Macrocentro,POINT (-58.4091757765824 -34.6212638637676)
40,8.0,-58.4200802252632,-34.6158436741848,R093,40.0,CASTRO BARROS@BELGRANO,Macrocentro,POINT (-58.4200802252632 -34.6158436741848)
43,7.5,-58.4186504651141,-34.6142768420697,R093,43.0,COLOMBRES@YRIGOYEN HIPOLITO,Macrocentro,POINT (-58.4186504651141 -34.6142768420697)
45,8.0,-58.4178350318434,-34.612493664551,R093,45.0,BOEDO@DON BOSCO,Macrocentro,POINT (-58.4178350318434 -34.612493664551)
46,20.400000000000002,-58.4214129224846,-34.6072678346426,R095,46.0,MEDRANO@POTOSI,Macrocentro,POINT (-58.4214129224846 -34.6072678346426)
49,8.3,-58.4173398669325,-34.6109424383716,R094,49.0,RIVADAVIA@MAZA,Macrocentro,POINT (-58.4173398669325 -34.6109424383716)
50,3.8000000000000003,-58.4174059527125,-34.6095552997921,R094,50.0,"BRAVO, MARIO@MITRE, BARTOLOME",Macrocentro,POINT (-58.4174059527125 -34.6095552997921)
52,6.4,-58.4198543425487,-34.6060092226699,R095,52.0,"PERON, JUAN DOMINGO, TTE.@SALGUERO, JERONIMO",Macrocentro,POINT (-58.4198543425487 -34.6060092226699)
54,3.5,-58.4182162013915,-34.6045382996519,R097,54.0,"BULNES@GOMEZ, VALENTIN",Macrocentro,POINT (-58.4182162013915 -34.6045382996519)
55,4.0,-58.4153417595427,-34.6183849037288,R091,55.0,AGRELO@MAZA,Macrocentro,POINT (-58.4153417595427 -34.6183849037288)
56,26.400000000000002,-58.4142554504767,-34.6166315980905,R080,56.0,LINIERS VIRREY@VENEZUELA,Macrocentro,POINT (-58.4142554504767 -34.6166315980905)
61,14.200000000000001,-58.4128163607609,-34.6154434408043,R080,61.0,BELGRANO@SANCHEZ DE LORIA,Macrocentro,POINT (-58.4128163607609 -34.6154434408043)
64,6.300000000000001,-58.4098725506062,-34.613994966662,R080,64.0,"MORENO@URQUIZA, Gral.",Macrocentro,POINT (-58.4098725506062 -34.613994966662)
65,29.8,-58.4160650536739,-34.6085362366311,R094,65.0,BILLINGHURST@DIAZ VELEZ,Macrocentro,POINT (-58.4160650536739 -34.6085362366311)
67,15.5,-58.4139370059417,-34.6073460648632,R095,67.0,"GALLO@PERON, JUAN DOMINGO, TTE.",Macrocentro,POINT (-58.4139370059417 -34.6073460648632)
69,14.9,-58.4167465500152,-34.6035983534471,R097,69.0,"BRAVO, MARIO@CORRIENTES",Macrocentro,POINT (-58.4167465500152 -34.6035983534471)
70,46.5,-58.4154692510305,-34.6026521956252,R098,70.0,HUMAHUACA@BILLINGHURST,Macrocentro,POINT (-58.4154692510305 -34.6026521956252)
75,4.7,-58.4123989800108,-34.6063692770322,R096,75.0,AGUERO@SARMIENTO,Macrocentro,POINT (-58.4123989800108 -34.6063692770322)
79,4.7,-58.4107707970464,-34.6051091820774,R078,79.0,"ANCHORENA, TOMAS M. DE, DR@GOMEZ, VALENTIN",Macrocentro,POINT (-58.4107707970464 -34.6051091820774)
80,13.700000000000001,-58.4089147384703,-34.6041189745628,R078,80.0,"CORRIENTES@JAURES, JEAN",Macrocentro,POINT (-58.4089147384703 -34.6041189745628)
82,1.9000000000000001,-58.4058863596701,-34.6347257855442,R062,82.0,"LA RIOJA@CASTILLO, CATULO",Macrocentro,POINT (-58.4058863596701 -34.6347257855442)
83,2.5,-58.408485058593,-34.6283328838542,R084,83.0,PAVON@URQUIZA,Macrocentro,POINT (-58.408485058593 -34.6283328838542)
84,6.4,-58.4045392714973,-34.6331634095698,R062,84.0,BRASIL@DEAN FUNES,Macrocentro,POINT (-58.4045392714973 -34.6331634095698)
88,1.0,-58.4032561799794,-34.631417240951,R062,88.0,"LUCA, ESTEBAN de@SALCEDO",Macrocentro,POINT (-58.4032561799794 -34.631417240951)
90,0.7000000000000001,-58.4022255821144,-34.6301453540861,R063,90.0,CATAMARCA@INCLAN,Macrocentro,POINT (-58.4022255821144 -34.6301453540861)
92,6.9,-58.4011009205612,-34.6286932637709,R063,92.0,"GARAY, JUAN DE@JUJUY",Macrocentro,POINT (-58.4011009205612 -34.6286932637709)
93,3.3000000000000003,-58.4067551209383,-34.6272033326865,R084,93.0,CONSTITUCION@LA RIOJA,Macrocentro,POINT (-58.4067551209383 -34.6272033326865)
94,6.800000000000001,-58.4056012727879,-34.6257661297482,R084,94.0,DEAN FUNES@COCHABAMBA,Macrocentro,POINT (-58.4056012727879 -34.6257661297482)
96,17.5,-58.4077803588436,-34.6197201613158,R082,96.0,INDEPENDENCIA@LA RIOJA,Macrocentro,POINT (-58.4077803588436 -34.6197201613158)
100,9.1,-58.4040161025975,-34.6240077825102,R064,100.0,CATAMARCA@SAN JUAN,Macrocentro,POINT (-58.4040161025975 -34.6240077825102)
102,8.700000000000001,-58.4024789085394,-34.6224404998348,R064,102.0,HUMBERTO 1Ã‚Âª@JUJUY,Macrocentro,POINT (-58.4024789085394 -34.6224404998348)
104,23.400000000000002,-58.4017655078496,-34.6210548865049,R064,104.0,"CALVO, CARLOS@SAAVEDRA",Macrocentro,POINT (-58.4017655078496 -34.6210548865049)
105,4.3,-58.4008841767572,-34.619734186239,R064,105.0,ALBERTI@ESTADOS UNIDOS,Macrocentro,POINT (-58.4008841767572 -34.619734186239)
107,3.8000000000000003,-58.3978686016044,-34.634508259326,R061,107.0,RONDEAU@ALBERTI,Macrocentro,POINT (-58.3978686016044 -34.634508259326)
108,5.300000000000001,-58.3968570261991,-34.633047880859,R061,108.0,MATHEU@15 DE NOVIEMBRE DE 1889,Macrocentro,POINT (-58.3968570261991 -34.633047880859)
112,2.8000000000000003,-58.3959240605323,-34.6315640147987,R060,112.0,"PICHINCHA@ECHAGUE, PEDRO",Macrocentro,POINT (-58.3959240605323 -34.6315640147987)
113,3.5,-58.400089038487,-34.6273200970578,R059,113.0,ALBERTI@PAVON,Macrocentro,POINT (-58.400089038487 -34.6273200970578)
114,3.5,-58.3989140211954,-34.6259726113844,R059,114.0,CONSTITUCION@MATHEU,Macrocentro,POINT (-58.3989140211954 -34.6259726113844)
115,3.5,-58.3975034309947,-34.6244740683883,R059,115.0,COCHABAMBA@PICHINCHA,Macrocentro,POINT (-58.3975034309947 -34.6244740683883)
118,7.5,-58.3963622848686,-34.6230598134502,R059,118.0,PASCO@SAN JUAN,Macrocentro,POINT (-58.3963622848686 -34.6230598134502)
122,8.6,-58.3932061025148,-34.6274494024746,R040,122.0,"GARAY, JUAN DE@SARANDI",Macrocentro,POINT (-58.3932061025148 -34.6274494024746)
123,4.1000000000000005,-58.3923068425384,-34.6264552613261,R040,123.0,COMBATE DE LOS POZOS@PAVON,Macrocentro,POINT (-58.3923068425384 -34.6264552613261)
124,7.6000000000000005,-58.3956417660449,-34.6217471908948,R059,124.0,HUMBERTO 1Ã‚Âª@RINCON,Macrocentro,POINT (-58.3956417660449 -34.6217471908948)
125,10.3,-58.3944957446941,-34.6205460914655,R042,125.0,"CALVO, CARLOS@SARANDI",Macrocentro,POINT (-58.3944957446941 -34.6205460914655)
127,14.8,-58.4065723085545,-34.6178122909988,R066,127.0,DEAN FUNES@MEXICO,Macrocentro,POINT (-58.4065723085545 -34.6178122909988)
128,2.8000000000000003,-58.4058170255384,-34.6160943449042,R066,128.0,CATAMARCA@VENEZUELA,Macrocentro,POINT (-58.4058170255384 -34.6160943449042)
130,8.6,-58.4087131752227,-34.6126110998153,R080,130.0,"ALSINA, ADOLFO@LA RIOJA",Macrocentro,POINT (-58.4087131752227 -34.6126110998153)
133,15.5,-58.4049118390298,-34.6146392904238,R066,133.0,JUJUY@BELGRANO,Macrocentro,POINT (-58.4049118390298 -34.6146392904238)
134,9.0,-58.4058375264833,-34.6112638290789,R081,134.0,"JUJUY@YRIGOYEN, HIPOLITO",Macrocentro,POINT (-58.4058375264833 -34.6112638290789)
138,4.6000000000000005,-58.4042182971691,-34.6133964507613,R066,138.0,MISIONES@MORENO,Macrocentro,POINT (-58.4042182971691 -34.6133964507613)
140,11.600000000000001,-58.4013532073697,-34.6144316297706,R065,140.0,ALBERTI@BELGRANO,Macrocentro,POINT (-58.4013532073697 -34.6144316297706)
145,12.100000000000001,-58.407407657311,-34.6030226263646,R078,145.0,LAVALLE@ECUADOR,Macrocentro,POINT (-58.407407657311 -34.6030226263646)
147,17.0,-58.4059288571317,-34.6017273202545,R078,147.0,BOULOGNE SUR MER@TUCUMAN,Macrocentro,POINT (-58.4059288571317 -34.6017273202545)
148,4.0,-58.4033973321685,-34.6086987000481,R067,148.0,"PASO@MITRE, BARTOLOME",Macrocentro,POINT (-58.4033973321685 -34.6086987000481)
150,9.5,-58.4019681017201,-34.6074709806865,R067,150.0,"LARREA@PERON, JUAN DOMINGO, TTE.",Macrocentro,POINT (-58.4019681017201 -34.6074709806865)
151,6.800000000000001,-58.4007220200017,-34.60615354406,R067,151.0,AZCUENAGA@SARMIENTO,Macrocentro,POINT (-58.4007220200017 -34.60615354406)
156,14.4,-58.4000392763009,-34.6186035747711,R064,156.0,INDEPENDENCIA@MATHEU,Macrocentro,POINT (-58.4000392763009 -34.6186035747711)
157,10.200000000000001,-58.3990629750036,-34.617447887507,R057,157.0,CHILE@PICHINCHA,Macrocentro,POINT (-58.3990629750036 -34.617447887507)
158,8.4,-58.3977358391893,-34.6161643256434,R057,158.0,MEXICO@PASCO,Macrocentro,POINT (-58.3977358391893 -34.6161643256434)
159,4.7,-58.4002239206033,-34.6132015056221,R056,159.0,MORENO@MATHEU,Macrocentro,POINT (-58.4002239206033 -34.6132015056221)
161,21.0,-58.3989629685951,-34.6119841896178,R056,161.0,"ALSINA, ADOLFO@PICHINCHA",Macrocentro,POINT (-58.3989629685951 -34.6119841896178)
164,4.6000000000000005,-58.3932120964959,-34.6192370113393,R042,164.0,COMBATE DE LOS POZOS@ESTADOS UNIDOS,Macrocentro,POINT (-58.3932120964959 -34.6192370113393)
166,24.200000000000003,-58.3961349614403,-34.6141367007055,R057,166.0,RINCON@BELGRANO,Macrocentro,POINT (-58.3961349614403 -34.6141367007055)
168,5.7,-58.3947197361338,-34.6128827058522,R057,168.0,SARANDI@MORENO,Macrocentro,POINT (-58.3947197361338 -34.6128827058522)
169,19.400000000000002,-58.3933037230213,-34.6116034121709,R044,169.0,"COMBATE DE LOS POZOS@ALSINA, ADOLFO",Macrocentro,POINT (-58.3933037230213 -34.6116034121709)
172,21.700000000000003,-58.3974722200233,-34.610683002841,R056,172.0,"YRIGOYEN, HIPOLITO@PASCO",Macrocentro,POINT (-58.3974722200233 -34.610683002841)
174,21.400000000000002,-58.3994796228056,-34.6046353859512,R067,174.0,CORRIENTES@PASTEUR,Macrocentro,POINT (-58.3994796228056 -34.6046353859512)
176,21.3,-58.3983702479282,-34.6033046150772,R054,176.0,"LAVALLE@ URIBURU JOSE E., Pres.",Macrocentro,POINT (-58.3983702479282 -34.6033046150772)
177,16.400000000000002,-58.3970186892255,-34.6021858242977,R054,177.0,JUNIN@TUCUMAN,Macrocentro,POINT (-58.3970186892255 -34.6021858242977)
178,8.9,-58.3962866294024,-34.6094839385774,R056,178.0,JUNIN@RIVADAVIA,Macrocentro,POINT (-58.3962866294024 -34.6094839385774)
179,10.0,-58.3949424910058,-34.6081585735278,R056,179.0,"MITRE, BARTOLOME@AYACUCHO",Macrocentro,POINT (-58.3949424910058 -34.6081585735278)
180,15.5,-58.3935645057254,-34.6069238817226,R045,180.0,"PERON, JUAN DOMINGO TTE.@RIOBAMBA",Macrocentro,POINT (-58.3935645057254 -34.6069238817226)
183,3.7,-58.3908971327742,-34.6342483597522,R038,183.0,CASEROS@COMBATE DE LOS POZOS,Macrocentro,POINT (-58.3908971327742 -34.6342483597522)
184,5.9,-58.3905268468211,-34.6326661879018,R038,184.0,ENTRE RIOS@RONDEAU,Macrocentro,POINT (-58.3905268468211 -34.6326661879018)
187,2.5,-58.3890296698954,-34.6314285625081,R038,187.0,SOLIS@15DE NOVIEMBRE DE 1889,Macrocentro,POINT (-58.3890296698954 -34.6314285625081)
189,4.7,-58.3879413895155,-34.6301172934322,R038,189.0,"CEVALLOS, Virrey@ECHAGUE, PEDRO",Macrocentro,POINT (-58.3879413895155 -34.6301172934322)
190,2.7,-58.3870245289077,-34.6286528770094,R037,190.0,"BRASIL@SAENZ PENA, LUIS, PRES.",Macrocentro,POINT (-58.3870245289077 -34.6286528770094)
191,7.2,-58.3913289998031,-34.6252285959701,R040,191.0,CONSTITUCION@ENTRE RIOS,Macrocentro,POINT (-58.3913289998031 -34.6252285959701)
194,2.5,-58.389755534289,-34.6239819890472,R040,194.0,SOLIS@COCHABAMBA,Macrocentro,POINT (-58.389755534289 -34.6239819890472)
196,22.6,-58.3886508250942,-34.6225600071342,R040,196.0,"CEVALLOS, Virrey@SAN JUAN",Macrocentro,POINT (-58.3886508250942 -34.6225600071342)
199,10.9,-58.3857290348396,-34.6270635627429,R037,199.0,"GARAY, JUAN DE@SAN JOSE",Macrocentro,POINT (-58.3857290348396 -34.6270635627429)
200,9.0,-58.3843627605306,-34.6260532221063,R037,200.0,PAVON@SANTIAGO DEL ESTERO,Macrocentro,POINT (-58.3843627605306 -34.6260532221063)
202,2.2,-58.387209033815,-34.6212587960757,R035,202.0,"HUMBERTO 1Ã‚Âª@SAENZ PENA, LUIS, PRES.",Macrocentro,POINT (-58.387209033815 -34.6212587960757)
204,11.100000000000001,-58.3858330468281,-34.6198709173533,R035,204.0,"CALVO, CARLOS@SAN JOSE",Macrocentro,POINT (-58.3858330468281 -34.6198709173533)
205,4.800000000000001,-58.3772384878945,-34.6297318008369,R018,205.0,"MONTES DE OCA,MANUEL@FINOCHIETTO ENRIQUE DR.",Macrocentro,POINT (-58.3772384878945 -34.6297318008369)
207,11.600000000000001,-58.3829267509927,-34.6246821741956,R037,207.0,CONSTITUCION@SALTA,Macrocentro,POINT (-58.3829267509927 -34.6246821741956)
208,10.600000000000001,-58.3814460811229,-34.6238150406996,R037,208.0,LIMA@COCHABAMBA,Macrocentro,POINT (-58.3814460811229 -34.6238150406996)
214,5.800000000000001,-58.3755729246099,-34.6273015979898,R018,214.0,CASEROS@PIEDRAS,Macrocentro,POINT (-58.3755729246099 -34.6273015979898)
216,13.100000000000001,-58.3800046684583,-34.6221373950233,R020,216.0,"IRIGOYEN, BERNARDO de@SAN JUAN",Macrocentro,POINT (-58.3800046684583 -34.6221373950233)
217,24.5,-58.3786639250023,-34.6208796050311,R020,217.0,HUMBERTO 1Ã‚Âª@TACUARI,Macrocentro,POINT (-58.3786639250023 -34.6208796050311)
218,8.6,-58.3772680000459,-34.6197240877386,R020,218.0,"CALVO, CARLOS@PIEDRAS",Macrocentro,POINT (-58.3772680000459 -34.6197240877386)
219,17.6,-58.3916970104713,-34.6181591999667,R042,219.0,INDEPENDENCIA@ENTRE RIOS,Macrocentro,POINT (-58.3916970104713 -34.6181591999667)
220,19.400000000000002,-58.3903511372825,-34.616792586613,R042,220.0,CHILE@SOLIS,Macrocentro,POINT (-58.3903511372825 -34.616792586613)
222,37.0,-58.3889737473532,-34.6155711553111,R042,222.0,"CEVALLOS, Virrey@MEXICO",Macrocentro,POINT (-58.3889737473532 -34.6155711553111)
228,3.9000000000000004,-58.3842929920266,-34.6186198228134,R035,228.0,ESTADOS UNIDOS@SANTIAGO DEL ESTERO,Macrocentro,POINT (-58.3842929920266 -34.6186198228134)
231,6.800000000000001,-58.3874954193179,-34.6146734610538,R033,231.0,"SAENZ PENA, LUIS, PRES.@VENEZUELA",Macrocentro,POINT (-58.3874954193179 -34.6146734610538)
233,12.4,-58.3860750193125,-34.6134347160042,R033,233.0,BELGRANO@SAN JOSE,Macrocentro,POINT (-58.3860750193125 -34.6134347160042)
234,7.1000000000000005,-58.3847686731255,-34.6121539123612,R033,234.0,MORENO@SANTIAGO DEL ESTERO,Macrocentro,POINT (-58.3847686731255 -34.6121539123612)
236,6.1000000000000005,-58.3904172680284,-34.6101778815322,R044,236.0,"SOLIS@YRIGOYEN, HIPOLITO",Macrocentro,POINT (-58.3904172680284 -34.6101778815322)
239,13.100000000000001,-58.3921939209658,-34.6056470647742,R045,239.0,CALLAO@SARMIENTO,Macrocentro,POINT (-58.3921939209658 -34.6056470647742)
241,16.1,-58.3908194925039,-34.6043341013754,R045,241.0,CORRIENTES@RODRIGUEZ PENA,Macrocentro,POINT (-58.3908194925039 -34.6043341013754)
243,28.1,-58.3894591681094,-34.603011481956,R045,243.0,LAVALLE@MONTEVIDEO,Macrocentro,POINT (-58.3894591681094 -34.603011481956)
244,6.9,-58.3876564806986,-34.6089209575863,R044,244.0,"RIVADAVIA @SAENZ PENA, LUIS, PRES.",Macrocentro,POINT (-58.3876564806986 -34.6089209575863)
245,7.2,-58.3863094087135,-34.6076107074421,R031,245.0,"MITRE, BARTOLOME@URUGUAY",Macrocentro,POINT (-58.3863094087135 -34.6076107074421)
247,9.0,-58.384992401064,-34.6063475053299,R031,247.0,"PERON, JUAN DOMINGO, TTE.@TALCAHUANO",Macrocentro,POINT (-58.384992401064 -34.6063475053299)
251,13.0,-58.3830140697656,-34.6177344564627,R035,251.0,SALTA@INDEPENDENCIA,Macrocentro,POINT (-58.3830140697656 -34.6177344564627)
254,15.8,-58.3815648150129,-34.6164881049472,R035,254.0,LIMA@CHILE,Macrocentro,POINT (-58.3815648150129 -34.6164881049472)
255,7.5,-58.3803651931699,-34.615240214692,R021,255.0,"MEXICO@IRIGOYEN, BERNARDO de",Macrocentro,POINT (-58.3803651931699 -34.615240214692)
262,27.8,-58.3789820143046,-34.6141007826733,R021,262.0,TACUARI@VENEZUELA,Macrocentro,POINT (-58.3789820143046 -34.6141007826733)
264,17.2,-58.3775814389541,-34.6128511072637,R021,264.0,BELGRANO@PIEDRAS,Macrocentro,POINT (-58.3775814389541 -34.6128511072637)
265,16.0,-58.3762052190427,-34.6115658672651,R015,265.0,CHACABUCO@MORENO,Macrocentro,POINT (-58.3762052190427 -34.6115658672651)
266,9.600000000000001,-58.3833636821038,-34.6109229626349,R033,266.0,"ALSINA, ADOLFO@SALTA",Macrocentro,POINT (-58.3833636821038 -34.6109229626349)
268,7.0,-58.3819131745955,-34.6096785851313,R033,268.0,"LIMA@YRIGOYEN, HIPOLITO",Macrocentro,POINT (-58.3819131745955 -34.6096785851313)
270,8.8,-58.3806819074088,-34.6090028804233,R022,270.0,"DE MAYO@IRIGOYEN, BERNARDO de",Macrocentro,POINT (-58.3806819074088 -34.6090028804233)
272,7.2,-58.3836200554319,-34.6051005917382,R031,272.0,LIBERTAD@SARMIENTO,Macrocentro,POINT (-58.3836200554319 -34.6051005917382)
273,13.9,-58.3822055306973,-34.6037398266756,R031,273.0,CERRITO@CORRIENTES,Macrocentro,POINT (-58.3822055306973 -34.6037398266756)
274,18.5,-58.3809751187659,-34.6036694286458,R023,274.0,"CORRIENTES@PELLEGRINI, CARLOS",Macrocentro,POINT (-58.3809751187659 -34.6036694286458)
275,6.800000000000001,-58.381035440791,-34.602517454683,R025,275.0,"PELLEGRINI, CARLOS@LAVALLE",Macrocentro,POINT (-58.381035440791 -34.602517454683)
277,21.0,-58.3792171357538,-34.608297847025,R023,277.0,RIVADAVIA@TACUARI,Macrocentro,POINT (-58.3792171357538 -34.608297847025)
279,13.4,-58.3778571054376,-34.607054680009,R023,279.0,"ESMERALDA@MITRE, BARTOLOME",Macrocentro,POINT (-58.3778571054376 -34.607054680009)
283,10.100000000000001,-58.3765288715511,-34.6058256755162,R014,283.0,"PERON, JUAN DOMINGO, TTE.@MAIPU",Macrocentro,POINT (-58.3765288715511 -34.6058256755162)
288,7.2,-58.3706581791811,-34.6294937655805,R008,288.0,"DEFENSA@GARCIA, MARTIN",Macrocentro,POINT (-58.3706581791811 -34.6294937655805)
289,3.8000000000000003,-58.3750571031713,-34.6256420880422,R019,289.0,CHACABUCO@BRASIL,Macrocentro,POINT (-58.3750571031713 -34.6256420880422)
290,9.0,-58.3740288957044,-34.6244364452379,R019,290.0,"GARAY, JUAN DE@PERU",Macrocentro,POINT (-58.3740288957044 -34.6244364452379)
294,2.7,-58.3727316974211,-34.6231381974456,R017,294.0,BOLIVAR@COCHABAMBA,Macrocentro,POINT (-58.3727316974211 -34.6231381974456)
298,14.600000000000001,-58.3679451548443,-34.6271423847114,R007,298.0,"PASEO COLON@GARCIA, MARTIN",Macrocentro,POINT (-58.3679451548443 -34.6271423847114)
300,8.6,-58.3713326545152,-34.6218361275345,R017,300.0,DEFENSA@SAN JUAN,Macrocentro,POINT (-58.3713326545152 -34.6218361275345)
302,2.1,-58.3699733688377,-34.6206741459153,R009,302.0,BALCARCE@HUMBERTO 1,Macrocentro,POINT (-58.3699733688377 -34.6206741459153)
304,7.800000000000001,-58.3664879105146,-34.6251953336314,R007,304.0,AZOPARDO@BRASIL,Macrocentro,POINT (-58.3664879105146 -34.6251953336314)
305,3.6,-58.365785868262,-34.6239873426976,R007,305.0,"GARAY, JUAN DE@HUERGO, ING.",Macrocentro,POINT (-58.365785868262 -34.6239873426976)
307,6.4,-58.3758498240639,-34.6185407921873,R020,307.0,CHACABUCO@ESTADOS UNIDOS,Macrocentro,POINT (-58.3758498240639 -34.6185407921873)
308,20.400000000000002,-58.3744386987666,-34.6172531141267,R016,308.0,INDEPENDENCIA@PERU,Macrocentro,POINT (-58.3744386987666 -34.6172531141267)
309,7.6000000000000005,-58.3731275537973,-34.6160299327441,R016,309.0,CHILE@BOLIVAR,Macrocentro,POINT (-58.3731275537973 -34.6160299327441)
314,8.0,-58.3689601647602,-34.6192009269284,R009,314.0,"CALVO, CARLOS@PASEO COLON",Macrocentro,POINT (-58.3689601647602 -34.6192009269284)
317,2.2,-58.3717873913034,-34.6148145322957,R010,317.0,DEFENSA@MEXICO,Macrocentro,POINT (-58.3717873913034 -34.6148145322957)
318,2.3000000000000003,-58.3707375911145,-34.6135789825374,R010,318.0,BALCARCE@VENEZUELA,Macrocentro,POINT (-58.3707375911145 -34.6135789825374)
320,12.200000000000001,-58.369358966416,-34.6123190881316,R010,320.0,PASEO COLON@BELGRANO,Macrocentro,POINT (-58.369358966416 -34.6123190881316)
321,11.100000000000001,-58.3749643111238,-34.6103561343442,R014,321.0,"ALSINA, ADOLFO@ROCA, JULIO A., Pres.",Macrocentro,POINT (-58.3749643111238 -34.6103561343442)
324,15.5,-58.3735152803023,-34.6079368978301,R014,324.0,BOLIVAR@RIVADAVIA,Macrocentro,POINT (-58.3735152803023 -34.6079368978301)
326,6.7,-58.3751617015173,-34.6045645148651,R013,326.0,SARMIENTO@FLORIDA,Macrocentro,POINT (-58.3751617015173 -34.6045645148651)
328,18.6,-58.3738497534534,-34.6032328833396,R013,328.0,SAN MARTIN@CORRIENTES,Macrocentro,POINT (-58.3738497534534 -34.6032328833396)
329,7.2,-58.3725218568127,-34.6020389766877,R011,329.0,LAVALLE@RECONQUISTA,Macrocentro,POINT (-58.3725218568127 -34.6020389766877)
331,4.4,-58.3681980540911,-34.6111013197684,R005,331.0,MORENO@AZOPARDO,Macrocentro,POINT (-58.3681980540911 -34.6111013197684)
334,10.8,-58.3672837952221,-34.6181965640852,R006,334.0,AZOPARDO@ESTADOS UNIDOS,Macrocentro,POINT (-58.3672837952221 -34.6181965640852)
336,1.1,-58.3659988996641,-34.6155720096539,R006,336.0,"MOREAU DE JUSTO, ALICIA@CHILE",Macrocentro,POINT (-58.3659988996641 -34.6155720096539)
338,6.6000000000000005,-58.3663254542848,-34.6123650407876,R005,338.0,"MOREAU DE JUSTO, ALICIA@VILLAFLOR, AZUCENA",Macrocentro,POINT (-58.3663254542848 -34.6123650407876)
339,4.9,-58.3609344908614,-34.6045766476103,R003,339.0,"GUEMES, MACACHA @ GIRALT, HERNAN M., INT., A",Macrocentro,POINT (-58.3609344908614 -34.6045766476103)
340,2.2,-58.3576808067114,-34.6193850541142,R001,340.0,"CALABRIA@RAWSON DE DELLEPIANE, ELVIRA",Macrocentro,POINT (-58.3576808067114 -34.6193850541142)
341,6.6000000000000005,-58.3569645758648,-34.616958158972,R001,341.0,"PADRE M. L. MIGONE@ACHAVAL RODRIGUEZ, T., DR.",Macrocentro,POINT (-58.3569645758648 -34.616958158972)
342,2.9000000000000004,-58.3580771649094,-34.6171622897869,R001,342.0,"VERA PENALOZA, ROSARIO@CALABRIA",Macrocentro,POINT (-58.3580771649094 -34.6171622897869)
343,3.8000000000000003,-58.3587766516986,-34.6113814347358,R002,343.0,"GIRALT, HERNAN M., INT., A@VILLAFLOR, AZUCENA",Macrocentro,POINT (-58.3587766516986 -34.6113814347358)
344,5.9,-58.4206097083023,-34.6006989329316,R099,344.0,GUARDIA VIEJA@MEDRANO,Macrocentro,POINT (-58.4206097083023 -34.6006989329316)
346,5.2,-58.4190034319232,-34.5995402257438,R099,346.0,"LAVALLE@SALGUERO, JERONIMO",Macrocentro,POINT (-58.4190034319232 -34.5995402257438)
347,6.4,-58.4175077334829,-34.5988776835129,R099,347.0,BULNES@TUCUMAN,Macrocentro,POINT (-58.4175077334829 -34.5988776835129)
352,3.2,-58.4183730089789,-34.5899415243041,R104,352.0,MEDRANO@DEL SIGNO,Macrocentro,POINT (-58.4183730089789 -34.5899415243041)
354,19.200000000000003,-58.4160005075329,-34.5978547523678,R101,354.0,"BRAVO, MARIO@CORDOBA",Macrocentro,POINT (-58.4160005075329 -34.5978547523678)
356,2.1,-58.413988761025,-34.6011289509509,R098,356.0,LAVALLE@SANCHEZ DE BUSTAMANTE,Macrocentro,POINT (-58.413988761025 -34.6011289509509)
360,39.0,-58.4142348775854,-34.5967707824378,R100,360.0,"BILLINGHURST@CABRERA, JOSE A.",Macrocentro,POINT (-58.4142348775854 -34.5967707824378)
361,21.6,-58.4127440327861,-34.5936942872105,R102,361.0,BILLINGHURST@PARAGUAY,Macrocentro,POINT (-58.4127440327861 -34.5936942872105)
362,15.0,-58.412278924117,-34.6002435036609,R098,362.0,GALLO@TUCUMAN,Macrocentro,POINT (-58.412278924117 -34.6002435036609)
367,6.7,-58.4105902230752,-34.5993924095732,R098,367.0,AGUERO@SAN LUIS,Macrocentro,POINT (-58.4105902230752 -34.5993924095732)
369,7.7,-58.410329887334,-34.5939298331384,R102,369.0,"GALLO@MANSILLA, LUCIO NORBERTO, GRAL.",Macrocentro,POINT (-58.410329887334 -34.5939298331384)
376,14.9,-58.416654088019,-34.5897990510093,R104,376.0,"MANSILLA, LUCIO NORBERTO, GRAL.@SALGUERO, JERONIMO",Macrocentro,POINT (-58.416654088019 -34.5897990510093)
378,10.4,-58.4147213667364,-34.5899107755826,R104,378.0,CHARCAS@VIDT,Macrocentro,POINT (-58.4147213667364 -34.5899107755826)
379,7.4,-58.4127578904391,-34.589322992193,R105,379.0,BULNES@GUEMES,Macrocentro,POINT (-58.4127578904391 -34.589322992193)
380,8.0,-58.4131550778121,-34.5870039059798,R105,380.0,"SALGUERO, JERONIMO@SANTA FE",Macrocentro,POINT (-58.4131550778121 -34.5870039059798)
384,6.9,-58.4097511861984,-34.5912848317219,R075,384.0,GUEMES@SANCHEZ DE BUSTAMANTE,Macrocentro,POINT (-58.4097511861984 -34.5912848317219)
389,18.1,-58.4083166983133,-34.5865459127439,R074,389.0,"DIAZ, CNEL.@JUNCAL",Macrocentro,POINT (-58.4083166983133 -34.5865459127439)
390,14.9,-58.4131582209425,-34.5857256869891,R105,390.0,"ALVAREZ, JULIAN@ARENALES",Macrocentro,POINT (-58.4131582209425 -34.5857256869891)
391,11.200000000000001,-58.4101888925252,-34.5822366970278,R073,391.0,"LAS HERAS, GRAL.@SALGUERO, JERONIMO",Macrocentro,POINT (-58.4101888925252 -34.5822366970278)
394,18.1,-58.4081479693131,-34.5980689672736,R098,394.0,"CORDOBA@ANCHORENA, TOMAS M. DE, DR",Macrocentro,POINT (-58.4081479693131 -34.5980689672736)
395,4.800000000000001,-58.4044961193274,-34.6008833739785,R078,395.0,PUEYRREDON@VIAMONTE,Macrocentro,POINT (-58.4044961193274 -34.6008833739785)
398,6.800000000000001,-58.4065068514,-34.5970025476131,R076,398.0,"JAURES, JEAN@PARAGUAY",Macrocentro,POINT (-58.4065068514 -34.5970025476131)
400,14.0,-58.4037215188741,-34.5984550920838,R077,400.0,CORDOBA@PUEYRREDON,Macrocentro,POINT (-58.4037215188741 -34.5984550920838)
402,10.5,-58.4020881800966,-34.5977677159742,R069,402.0,LARREA@PARAGUAY,Macrocentro,POINT (-58.4020881800966 -34.5977677159742)
403,16.5,-58.403613476124,-34.5940778282659,R069,403.0,ECUADOR@SANTA FE,Macrocentro,POINT (-58.403613476124 -34.5940778282659)
405,17.7,-58.4002853856662,-34.596744092351,R052,405.0,"ALVEAR, MARCELO T. De@AZCUENAGA",Macrocentro,POINT (-58.4002853856662 -34.596744092351)
407,8.0,-58.4070220451115,-34.5901942068085,R075,407.0,ARENALES@AUSTRIA,Macrocentro,POINT (-58.4070220451115 -34.5901942068085)
409,6.6000000000000005,-58.4053505525969,-34.5903264665011,R069,409.0,AGUERO@BERUTI,Macrocentro,POINT (-58.4053505525969 -34.5903264665011)
412,20.0,-58.4066233783537,-34.5863261229356,R074,412.0,BILLINGHURST@FRENCH,Macrocentro,POINT (-58.4066233783537 -34.5863261229356)
414,2.9000000000000004,-58.4045173361323,-34.5863337995473,R071,414.0,PEÃƒÂA@SANCHEZ DE BUSTAMANTE,Macrocentro,POINT (-58.4045173361323 -34.5863337995473)
418,7.2,-58.4010325343144,-34.5915634236954,R070,418.0,PUEYRREDON@JUNCAL,Macrocentro,POINT (-58.4010325343144 -34.5915634236954)
421,1.1,-58.4027651339621,-34.5859526542798,R071,421.0,"PACHECO DE MELO, JOSE ANDRES@BOLLINI",Macrocentro,POINT (-58.4027651339621 -34.5859526542798)
425,15.3,-58.3985216397984,-34.5953891108282,R052,425.0,"SANTA FE@URIBURU JOSE E., Pres.",Macrocentro,POINT (-58.3985216397984 -34.5953891108282)
426,3.4000000000000004,-58.3971537970718,-34.594453064983,R052,426.0,ARENALES@JUNIN,Macrocentro,POINT (-58.3971537970718 -34.594453064983)
427,4.7,-58.3956640350564,-34.6009346883892,R054,427.0,AYACUCHO@VIAMONTE,Macrocentro,POINT (-58.3956640350564 -34.6009346883892)
428,10.200000000000001,-58.3943961312889,-34.599674007976,R054,428.0,CORDOBA@RIOBAMBA,Macrocentro,POINT (-58.3943961312889 -34.599674007976)
429,9.200000000000001,-58.3930357808141,-34.5987117936585,R047,429.0,PARAGUAY@CALLAO,Macrocentro,POINT (-58.3930357808141 -34.5987117936585)
435,3.2,-58.3986053414982,-34.589864289618,R051,435.0,LARREA@PEÃƒÂA,Macrocentro,POINT (-58.3986053414982 -34.589864289618)
438,8.4,-58.3972871467435,-34.5874092663824,R050,438.0,"LAS HERAS, GRAL.@ PUEYRREDON",Macrocentro,POINT (-58.3972871467435 -34.5874092663824)
439,22.700000000000003,-58.3957521955948,-34.5933858539193,R052,439.0,AYACUCHO@JUNCAL,Macrocentro,POINT (-58.3957521955948 -34.5933858539193)
440,3.0,-58.3938919605671,-34.5917969398509,R052,440.0,"AYACUCHO@PACHECO DE MELO, JOSE ANDRES",Macrocentro,POINT (-58.3938919605671 -34.5917969398509)
441,10.0,-58.3918909861384,-34.5917643151445,R049,441.0,"CALLAO@LAS HERAS, GRAL.",Macrocentro,POINT (-58.3918909861384 -34.5917643151445)
449,4.3,-58.4076855037508,-34.5816807127655,R073,449.0,"CABELLO@RUGGIERI, SILVIO L.",Macrocentro,POINT (-58.4076855037508 -34.5816807127655)
450,3.2,-58.4062336148839,-34.5811818597344,R073,450.0,BULNES@CERVIÃƒÂO,Macrocentro,POINT (-58.4062336148839 -34.5811818597344)
451,46.300000000000004,-58.4046888170581,-34.5804801906999,R072,451.0,"DEL LIBERTADOR@DIAZ, CNEL.",Macrocentro,POINT (-58.4046888170581 -34.5804801906999)
454,30.8,-58.4015314763774,-34.5820456153735,R072,454.0,DEL LIBERTADOR@SANCHEZ DE BUSTAMANTE,Macrocentro,POINT (-58.4015314763774 -34.5820456153735)
456,16.1,-58.3939069432718,-34.5840538212457,R050,456.0,"DEL LIBERTADOR@AGOTE, LUIS DR.",Macrocentro,POINT (-58.3939069432718 -34.5840538212457)
461,9.600000000000001,-58.3899489730607,-34.5958014292894,R047,461.0,MONTEVIDEO@SANTA FE,Macrocentro,POINT (-58.3899489730607 -34.5958014292894)
462,23.3,-58.3885651215027,-34.5946761867737,R047,462.0,ARENALES@PARANA,Macrocentro,POINT (-58.3885651215027 -34.5946761867737)
463,14.200000000000001,-58.3880318370292,-34.6017128915219,R029,463.0,PARANA@TUCUMAN,Macrocentro,POINT (-58.3880318370292 -34.6017128915219)
464,4.7,-58.3867904021076,-34.6005856749945,R029,464.0,URUGUAY@VIAMONTE,Macrocentro,POINT (-58.3867904021076 -34.6005856749945)
466,9.700000000000001,-58.3854717127258,-34.5992276834411,R029,466.0,CORDOBA@TALCAHUANO,Macrocentro,POINT (-58.3854717127258 -34.5992276834411)
471,3.4000000000000004,-58.3899661375208,-34.5883214271289,R048,471.0,"AYACUCHO@QUINTANA MANUEL, PRES. AV.",Macrocentro,POINT (-58.3899661375208 -34.5883214271289)
472,1.2000000000000002,-58.3917498807132,-34.5885536833393,R049,472.0,"GUIDO@ORTIZ, ROBERTO M., PRES.",Macrocentro,POINT (-58.3917498807132 -34.5885536833393)
473,9.9,-58.3881151466243,-34.5883577057785,R048,473.0,ALVEAR@CALLAO,Macrocentro,POINT (-58.3881151466243 -34.5883577057785)
475,3.1,-58.3875665457973,-34.5928304335287,R047,475.0,JUNCAL@URUGUAY,Macrocentro,POINT (-58.3875665457973 -34.5928304335287)
477,4.1000000000000005,-58.3849131051422,-34.590451001007,R027,477.0,ALVEAR@PARERA,Macrocentro,POINT (-58.3849131051422 -34.590451001007)
480,3.0,-58.3840939315914,-34.5980805622191,R029,480.0,LIBERTAD@PARAGUAY,Macrocentro,POINT (-58.3840939315914 -34.5980805622191)
483,23.0,-58.3826632559325,-34.5968031751004,R029,483.0,"ALVEAR, MARCELO T. De@CERRITO",Macrocentro,POINT (-58.3826632559325 -34.5968031751004)
484,7.7,-58.3814845280381,-34.5953620583126,R025,484.0,"PELLEGRINI, CARLOS@SANTA FE",Macrocentro,POINT (-58.3814845280381 -34.5953620583126)
485,13.0,-58.3795931126166,-34.6012803778757,R024,485.0,SUIPACHA@TUCUMAN,Macrocentro,POINT (-58.3795931126166 -34.6012803778757)
488,8.9,-58.3768389739745,-34.5988082360445,R024,488.0,CORDOBA@MAIPU,Macrocentro,POINT (-58.3768389739745 -34.5988082360445)
492,2.2,-58.3835461734287,-34.589607976536,R027,492.0,LIBERTAD@POSADAS,Macrocentro,POINT (-58.3835461734287 -34.589607976536)
494,19.400000000000002,-58.381968400162,-34.5886992305103,R026,494.0,DEL LIBERTADOR@CERRITO,Macrocentro,POINT (-58.381968400162 -34.5886992305103)
496,3.5,-58.3785809022897,-34.5928871078987,R026,496.0,ESMERALDA@JUNCAL,Macrocentro,POINT (-58.3785809022897 -34.5928871078987)
497,17.7,-58.3778553805375,-34.5910789993746,R026,497.0,DEL LIBERTADOR@ESMERALDA,Macrocentro,POINT (-58.3778553805375 -34.5910789993746)
502,4.5,-58.3754015309173,-34.5974999832944,R012,502.0,FLORIDA@PARAGUAY,Macrocentro,POINT (-58.3754015309173 -34.5974999832944)
503,9.600000000000001,-58.3743175987594,-34.5962406329786,R012,503.0,"SAN MARTIN@ALVEAR, MARCELO T. De",Macrocentro,POINT (-58.3743175987594 -34.5962406329786)
504,6.5,-58.3712688916834,-34.6007406713387,R011,504.0,TUCUMAN@25DE MAYO,Macrocentro,POINT (-58.3712688916834 -34.6007406713387)
505,11.5,-58.3707952529447,-34.5995158325062,R011,505.0,"VIAMONTE@ALEM, LEANDRO N.",Macrocentro,POINT (-58.3707952529447 -34.5995158325062)
508,14.5,-58.3695018021363,-34.598303538316,R004,508.0,"MADERO, EDUARDO@GRIERSON CECILIA",Macrocentro,POINT (-58.3695018021363 -34.598303538316)
509,10.5,-58.3659609311868,-34.5982928237914,R004,509.0,GRIERSON CECILIA & DEALESSI PIERINA,Macrocentro,POINT (-58.3659609311868 -34.5982928237914)
510,10.0,-58.3644590229282,-34.6053066057198,R003,510.0,"GUEMES, MACACHA@DEALESSI, PIERINA",Macrocentro,POINT (-58.3644590229282 -34.6053066057198)
511,11.3,-58.3638832348297,-34.6119825360993,R002,511.0,"VILLAFLOR, AZUCENA@DEALESSI, PIERINA",Macrocentro,POINT (-58.3638832348297 -34.6119825360993)
512,12.0,-58.3625409560983,-34.6116533757874,R002,512.0,"MANSO JUANA@VILLAFLOR, AZUCENA",Macrocentro,POINT (-58.3625409560983 -34.6116533757874)
513,3.0,-58.3591310642079,-34.6114845370676,R002,513.0,"DE LOS ITALIANOS@VILLAFLOR, AZUCENA",Macrocentro,POINT (-58.3591310642079 -34.6114845370676)
514,10.100000000000001,-58.3633792924028,-34.6047921917198,R003,514.0,"GUEMES, MACACHA@MANSO JUANA",Macrocentro,POINT (-58.3633792924028 -34.6047921917198)
515,9.3,-58.361932946058,-34.6174997019247,R001,515.0,"MANSO JUANA@VERA PENALOZA, ROSARIO",Macrocentro,POINT (-58.361932946058 -34.6174997019247)
516,9.8,-58.3640016358376,-34.5989753651436,R003,516.0,MANSO JUANA & SANCHEZ DE THOMPSON MARIQUITA,Macrocentro,POINT (-58.3640016358376 -34.5989753651436)
517,12.600000000000001,-58.3628795071574,-34.6175745869202,R002,517.0,"VERA PENALOZA, ROSARIO@DEALESSI, PIERINA",Macrocentro,POINT (-58.3628795071574 -34.6175745869202)
518,1.3,-58.3635305349857,-34.5989380100042,R003,518.0,DE LOS ITALIANOS & SANCHEZ DE THOMPSON MARIQUITA,Macrocentro,POINT (-58.3635305349857 -34.5989380100042)
520,5.2,-58.3615475636747,-34.6232779871779,R001,520.0,"RAWSON DE DELLEPIANE, ELVIRA@DEALESSI, PIERINA",Macrocentro,POINT (-58.3615475636747 -34.6232779871779)
600,1.2000000000000002,-58.4817117081919,-34.5441061601611,R001,600.0,DEHEZA@PINTO,Barrios,POINT (-58.4817117081919 -34.5441061601611)
601,1.9000000000000001,-58.4801052375591,-34.5445409275037,R001,601.0,ARIAS@QUINTANA,Barrios,POINT (-58.4801052375591 -34.5445409275037)
602,3.7,-58.4787037952619,-34.5450245927835,R001,602.0,RAMALLO@ZAPIOLA,Barrios,POINT (-58.4787037952619 -34.5450245927835)
603,2.5,-58.4772946790499,-34.545521201106,R001,603.0,CORREA@CONESA,Barrios,POINT (-58.4772946790499 -34.545521201106)
604,1.5,-58.475888864249,-34.546015258052,R001,604.0,RUIZ HUIDOBRO@CRAMER,Barrios,POINT (-58.475888864249 -34.546015258052)
605,0.4,-58.4682601762744,-34.5397992790837,R002,605.0,GRECIA@ARIAS,Barrios,POINT (-58.4682601762744 -34.5397992790837)
606,3.3000000000000003,-58.4686533706577,-34.5410024172755,R002,606.0,RAMALLO@O'HIGGINS,Barrios,POINT (-58.4686533706577 -34.5410024172755)
607,0.5,-58.4690110894849,-34.5422552052379,R002,607.0,CORREA@ARCOS,Barrios,POINT (-58.4690110894849 -34.5422552052379)
608,4.4,-58.4693652442988,-34.5435015846315,R002,608.0,RUIZ HUIDOBRO@CUBA,Barrios,POINT (-58.4693652442988 -34.5435015846315)
609,2.0,-58.469782131321,-34.5446833072679,R002,609.0,BESARES@VUELTA DE OBLIGADO,Barrios,POINT (-58.469782131321 -34.5446833072679)
610,2.7,-58.4604773481014,-34.5450934412806,R003,610.0,"LARRALDE, CRISOLOGO@ARRIBEÃƒÂOS",Barrios,POINT (-58.4604773481014 -34.5450934412806)
611,3.1,-58.460851047881,-34.5463660422066,R003,611.0,NUNEZ@11 DE SEPTIEMBRE DE 1888,Barrios,POINT (-58.460851047881 -34.5463660422066)
612,2.8000000000000003,-58.4612171843624,-34.5476099088945,R003,612.0,AZURDUY JUANA@3 DE FEBRERO,Barrios,POINT (-58.4612171843624 -34.5476099088945)
613,4.6000000000000005,-58.462027380881,-34.5490871685348,R003,613.0,"PEDRAZA, MANUELA@GRECIA",Barrios,POINT (-58.462027380881 -34.5490871685348)
614,2.5,-58.4628824634614,-34.5505716056641,R003,614.0,CAMPOS SALLES@ARCOS,Barrios,POINT (-58.4628824634614 -34.5505716056641)
615,3.1,-58.471016906763,-34.5521032949717,R004,615.0,NUNEZ@VIDAL,Barrios,POINT (-58.471016906763 -34.5521032949717)
616,3.9000000000000004,-58.4715881489217,-34.5545590016913,R004,616.0,"PEDRAZA, MANUELA@CONESA",Barrios,POINT (-58.4715881489217 -34.5545590016913)
617,2.3000000000000003,-58.4715559720789,-34.5561629506245,R004,617.0,"TAMBORINI, JOSE PASCUAL@ZAPIOLA",Barrios,POINT (-58.4715559720789 -34.5561629506245)
618,10.100000000000001,-58.4719108400552,-34.5575890451365,R004,618.0,"IBERA@FREIRE, RAMON, CAP. GRAL.",Barrios,POINT (-58.4719108400552 -34.5575890451365)
619,0.4,-58.4726340109796,-34.5593090659667,R004,619.0,QUESADA@CONDE,Barrios,POINT (-58.4726340109796 -34.5593090659667)
620,1.3,-58.4970386961625,-34.5521257933111,R005,620.0,DEHEZA@VALDENEGRO,Barrios,POINT (-58.4970386961625 -34.5521257933111)
621,3.5,-58.4955651390305,-34.5524215641387,R005,621.0,ARIAS@MILLER,Barrios,POINT (-58.4955651390305 -34.5524215641387)
623,2.2,-58.4926179105524,-34.5530176311825,R005,623.0,"CORREA@ACHA, MARIANO, Gral.",Barrios,POINT (-58.4926179105524 -34.5530176311825)
623,2.2,-58.4940903813035,-34.5527196426267,R005,623.0,RAMALLO@LUGONES,Barrios,POINT (-58.4940903813035 -34.5527196426267)
624,3.0,-58.4911110596195,-34.5533724443,R005,624.0,RUIZ HUIDOBRO@MACHAIN,Barrios,POINT (-58.4911110596195 -34.5533724443)
625,3.0,-58.4786854023279,-34.5583345066565,R006,625.0,"PEDRAZA, MANUELA@WASHINGTON",Barrios,POINT (-58.4786854023279 -34.5583345066565)
626,0.9,-58.4787906742668,-34.5599542135103,R006,626.0,"TAMBORINI, JOSE PASCUAL@NAON, ROMULO",Barrios,POINT (-58.4787906742668 -34.5599542135103)
627,5.0,-58.4790194500999,-34.5614553069829,R006,627.0,IBERA@ESTOMBA,Barrios,POINT (-58.4790194500999 -34.5614553069829)
628,2.0,-58.4793149574263,-34.5628640616669,R006,628.0,QUESADA@TRONADOR,Barrios,POINT (-58.4793149574263 -34.5628640616669)
629,1.6,-58.4796850275423,-34.5645821858269,R006,629.0,"LE BRETON, TOMAS A.@PLAZA",Barrios,POINT (-58.4796850275423 -34.5645821858269)
630,2.5,-58.46617107728,-34.5608164600894,R007,630.0,ROOSEVELT FRANKLIN D.@CONESA,Barrios,POINT (-58.46617107728 -34.5608164600894)
631,5.5,-58.4627622843607,-34.5613941413936,R007,631.0,BLANCO ENCALADA@VIDAL,Barrios,POINT (-58.4627622843607 -34.5613941413936)
632,6.1000000000000005,-58.4610635288984,-34.5618003453691,R007,632.0,OLAZABAL@MOLDES,Barrios,POINT (-58.4610635288984 -34.5618003453691)
633,7.6000000000000005,-58.4593807624826,-34.5621934273369,R007,633.0,MENDOZA@AMENABAR,Barrios,POINT (-58.4593807624826 -34.5621934273369)
634,16.0,-58.4568544418954,-34.5635659986983,R007,634.0,ECHEVERRIA@CIUDAD DE LA PAZ,Barrios,POINT (-58.4568544418954 -34.5635659986983)
635,2.0,-58.4741006478288,-34.5723228196056,R010,635.0,JURAMENTO@HOLMBERG,Barrios,POINT (-58.4741006478288 -34.5723228196056)
636,3.2,-58.4758044179106,-34.5719834793236,R010,636.0,MENDOZA@DONADO,Barrios,POINT (-58.4758044179106 -34.5719834793236)
637,8.1,-58.4775797020803,-34.5717086159346,R010,637.0,"OLAZABAL@ACHA, MARIANO, Gral.",Barrios,POINT (-58.4775797020803 -34.5717086159346)
638,2.4000000000000004,-58.4793203020973,-34.5713292908958,R010,638.0,BLANCO ENCALADA@LUGONES,Barrios,POINT (-58.4793203020973 -34.5713292908958)
639,5.2,-58.4809031655268,-34.5711389862606,R010,639.0,MONROE@MILLER,Barrios,POINT (-58.4809031655268 -34.5711389862606)
640,1.2000000000000002,-58.4468157768259,-34.5519358466055,R009,640.0,BLANCO ENCALADA@ARTILLEROS,Barrios,POINT (-58.4468157768259 -34.5519358466055)
641,0.9,-58.444876875402,-34.5521927037689,R009,641.0,OLAZABAL@CAZADORES,Barrios,POINT (-58.444876875402 -34.5521927037689)
642,1.6,-58.4430035048765,-34.5524461596964,R009,642.0,MENDOZA@HUSARES,Barrios,POINT (-58.4430035048765 -34.5524461596964)
643,1.0,-58.4410761498482,-34.5527273255342,R009,643.0,DRAGONES@JURAMENTO,Barrios,POINT (-58.4410761498482 -34.5527273255342)
644,3.1,-58.4391082641746,-34.5530100022331,R009,644.0,ECHEVERRIA@RAMSAY,Barrios,POINT (-58.4391082641746 -34.5530100022331)
645,2.9000000000000004,-58.4993866209367,-34.571684149879,R012,645.0,IBERA@LAVOISIER,Barrios,POINT (-58.4993866209367 -34.571684149879)
646,2.5,-58.5009628707521,-34.57108054202,R012,646.0,"TAMBORINI, JOSE PASCUAL@AIZPURUA",Barrios,POINT (-58.5009628707521 -34.57108054202)
647,2.4000000000000004,-58.5027842451757,-34.5707279709124,R012,647.0,"PEDRAZA, MANUELA@ACHEGA",Barrios,POINT (-58.5027842451757 -34.5707279709124)
648,1.3,-58.504534944579,-34.5703831429674,R012,648.0,PIRAN@ZADO,Barrios,POINT (-58.504534944579 -34.5703831429674)
649,2.2,-58.5063383793268,-34.5699727751308,R012,649.0,NUNEZ@MEDEYROS,Barrios,POINT (-58.5063383793268 -34.5699727751308)
650,2.9000000000000004,-58.4933131935008,-34.5700333588586,R011,650.0,QUESADA@BUCARELLI,Barrios,POINT (-58.4933131935008 -34.5700333588586)
651,1.0,-58.4929796430539,-34.5724346718839,R011,651.0,"LE BRETON, TOMAS A.@ANDONAEGUI",Barrios,POINT (-58.4929796430539 -34.5724346718839)
652,1.7000000000000002,-58.4934662895866,-34.5737827771895,R011,652.0,NAHUEL HUAPI@ALTOLAGUIRRE,Barrios,POINT (-58.4934662895866 -34.5737827771895)
653,1.1,-58.4939549955667,-34.575131161285,R011,653.0,"RIVERA, PEDRO I., Dr.@BURELA",Barrios,POINT (-58.4939549955667 -34.575131161285)
654,7.2,-58.4944373307495,-34.5764763752704,R011,654.0,CULLEN@CERETTI,Barrios,POINT (-58.4944373307495 -34.5764763752704)
660,3.3000000000000003,-58.5093183943881,-34.5784103421135,R013,660.0,ESCOBAR@NAZCA,Barrios,POINT (-58.5093183943881 -34.5784103421135)
661,1.9000000000000001,-58.5075356989057,-34.5784322783764,R013,661.0,LARSEN@TERRADA,Barrios,POINT (-58.5075356989057 -34.5784322783764)
662,1.7000000000000002,-58.5057493413839,-34.578453979017,R013,662.0,COCHRANE@CONDARCO,Barrios,POINT (-58.5057493413839 -34.578453979017)
663,0.9,-58.5038036734612,-34.5786461362556,R013,663.0,BAZURCO@BOLIVIA,Barrios,POINT (-58.5038036734612 -34.5786461362556)
664,4.6000000000000005,-58.502014589195,-34.5786759523782,R013,664.0,"FRANCO@ARTIGAS, JOSE GERVASIO DE,",Barrios,POINT (-58.502014589195 -34.5786759523782)
665,0.8,-58.5233395577784,-34.611993236322,R016,665.0,NAVARRO@RIO SALADO,Barrios,POINT (-58.5233395577784 -34.611993236322)
666,1.4000000000000001,-58.5234312607464,-34.6108906855005,R016,666.0,"CANTILO, JOSE LUIS@CERVANTES",Barrios,POINT (-58.5234312607464 -34.6108906855005)
667,0.9,-58.5227844287725,-34.6092640448739,R016,667.0,"MORAN, PEDRO@BERMUDEZ",Barrios,POINT (-58.5227844287725 -34.6092640448739)
668,0.7000000000000001,-58.5225826739691,-34.60800156222,R016,668.0,ASUNCION@QUEVEDO,Barrios,POINT (-58.5225826739691 -34.60800156222)
669,1.9000000000000001,-58.5213485793138,-34.606102302912,R016,669.0,NUEVA YORK@DESAGUADERO,Barrios,POINT (-58.5213485793138 -34.606102302912)
670,3.3000000000000003,-58.5130322337426,-34.5903011123344,R015,670.0,"GRIVEO@LAMARCA, EMILIO",Barrios,POINT (-58.5130322337426 -34.5903011123344)
671,2.2,-58.51356820629,-34.5919537730453,R015,671.0,"LOPEZ, CARLOS ANTONIO@SAN NICOLAS",Barrios,POINT (-58.51356820629 -34.5919537730453)
672,2.5,-58.5141071753783,-34.5935982598183,R015,672.0,"MOSCONI, GRAL.@GONZALEZ, JOAQUIN V.",Barrios,POINT (-58.5141071753783 -34.5935982598183)
673,1.2000000000000002,-58.5146366323375,-34.5952504241034,R015,673.0,"MISTRAL, GABRIELA@BAHIA BLANCA",Barrios,POINT (-58.5146366323375 -34.5952504241034)
674,0.9,-58.5157152530996,-34.5970344658702,R015,674.0,VALLEJOS@MERCEDES,Barrios,POINT (-58.5157152530996 -34.5970344658702)
675,1.7000000000000002,-58.5155768870095,-34.6148151172942,R018,675.0,BERMUDEZ@NAZARRE,Barrios,POINT (-58.5155768870095 -34.6148151172942)
676,2.2,-58.516028647042,-34.6165967452807,R018,676.0,MELINCUE@CERVANTES,Barrios,POINT (-58.516028647042 -34.6165967452807)
677,1.5,-58.5165282626976,-34.6184513091831,R018,677.0,"NOGOYA@CALDERON DE LA BARCA, PEDRO",Barrios,POINT (-58.5165282626976 -34.6184513091831)
678,6.300000000000001,-58.5169080185118,-34.6218444988637,R018,678.0,"SASTRE, MARCOS@VIRGILIO",Barrios,POINT (-58.5169080185118 -34.6218444988637)
679,1.8,-58.5167744565999,-34.6235789142424,R018,679.0,SANTO TOME@MOLIERE,Barrios,POINT (-58.5167744565999 -34.6235789142424)
680,1.1,-58.5248705348235,-34.6204851610261,R017,680.0,TINOGASTA@CORTINA,Barrios,POINT (-58.5248705348235 -34.6204851610261)
681,1.5,-58.5246257132867,-34.6221068913543,R017,681.0,"LOZANO, PEDRO@IRIGOYEN",Barrios,POINT (-58.5246257132867 -34.6221068913543)
682,1.8,-58.5250793223252,-34.623202402283,R017,682.0,NAZARRE@BRUSELAS,Barrios,POINT (-58.5250793223252 -34.623202402283)
683,1.6,-58.5252839081945,-34.6247313639467,R017,683.0,"NOGOYA@PORCEL DE PERALTA, MANUEL",Barrios,POINT (-58.5252839081945 -34.6247313639467)
684,1.2000000000000002,-58.5255481838654,-34.6259813406285,R017,684.0,"SASTRE, MARCOS@BARRAGAN",Barrios,POINT (-58.5255481838654 -34.6259813406285)
685,4.6000000000000005,-58.492788054187,-34.6021381723456,R020,685.0,MELINCUE@HELGUERA,Barrios,POINT (-58.492788054187 -34.6021381723456)
686,7.2,-58.4946406341857,-34.6022367902007,R020,686.0,NAZARRE@CUENCA,Barrios,POINT (-58.4946406341857 -34.6022367902007)
687,5.800000000000001,-58.4966410114648,-34.6021774448393,R020,687.0,"LOZANO, PEDRO@CAMPANA",Barrios,POINT (-58.4966410114648 -34.6021774448393)
688,0.8,-58.499332652622,-34.6012039539237,R020,688.0,SIMBRON@LLAVALLOL,Barrios,POINT (-58.499332652622 -34.6012039539237)
689,0.9,-58.501415776521,-34.600940061364,R020,689.0,"VARELA, JOSE PEDRO@CONCORDIA",Barrios,POINT (-58.501415776521 -34.600940061364)
690,2.6,-58.5035627172107,-34.6075370731835,R019,690.0,NAZARRE@BAHIA BLANCA,Barrios,POINT (-58.5035627172107 -34.6075370731835)
691,8.0,-58.5037890684716,-34.6088262701983,R019,691.0,MELINCUE@CHIVILCOY,Barrios,POINT (-58.5037890684716 -34.6088262701983)
692,2.3000000000000003,-58.5039499805651,-34.6100566839279,R019,692.0,NOGOYA@MERCEDES,Barrios,POINT (-58.5039499805651 -34.6100566839279)
693,2.7,-58.5045270404381,-34.611704505387,R019,693.0,BAIGORRIA@GUALEGUAYCHU,Barrios,POINT (-58.5045270404381 -34.611704505387)
694,6.5,-58.5045597209013,-34.6131753924313,R019,694.0,"SASTRE, MARCOS@SANABRIA",Barrios,POINT (-58.5045597209013 -34.6131753924313)
695,2.2,-58.4842741572433,-34.585330017187,R022,695.0,GANDARA@ALTOLAGUIRRE,Barrios,POINT (-58.4842741572433 -34.585330017187)
696,1.6,-58.48248521507,-34.5858727373473,R022,696.0,HAMBURGO@BARZANA,Barrios,POINT (-58.48248521507 -34.5858727373473)
697,1.5,-58.4780038007659,-34.585753235436,R022,697.0,ARISMENDI@BAUNESS,Barrios,POINT (-58.4780038007659 -34.585753235436)
698,1.5,-58.4760250081148,-34.5863484211441,R022,698.0,LLERENA@AVALOS,Barrios,POINT (-58.4760250081148 -34.5863484211441)
699,1.0,-58.4739781322895,-34.5861984106323,R022,699.0,CAMPILLO@GAMARRA,Barrios,POINT (-58.4739781322895 -34.5861984106323)
700,1.6,-58.4923956152341,-34.589290091811,R021,700.0,"ASUNCION@ARTIGAS, JOSE GERVASIO DE,",Barrios,POINT (-58.4923956152341 -34.589290091811)
701,4.3,-58.4929076595202,-34.5906818529059,R021,701.0,"MORAN, PEDRO@BOLIVIA",Barrios,POINT (-58.4929076595202 -34.5906818529059)
702,1.4000000000000001,-58.4933725604461,-34.5921241181273,R021,702.0,"SOLANO LOPEZ, F., MARISCAL@CONDARCO",Barrios,POINT (-58.4933725604461 -34.5921241181273)
703,0.30000000000000004,-58.493843437367,-34.5935630693471,R021,703.0,NAVARRO@TERRADA,Barrios,POINT (-58.493843437367 -34.5935630693471)
704,11.100000000000001,-58.494279850469,-34.5950309724409,R021,704.0,"BEIRO, FRANCISCO@NAZCA",Barrios,POINT (-58.494279850469 -34.5950309724409)
705,0.7000000000000001,-58.4677745198956,-34.5700511771256,R024,705.0,"ECHEVERRIA@MARTINEZ, ENRIQUE, GRAL.",Barrios,POINT (-58.4677745198956 -34.5700511771256)
706,38.0,-58.4641540472549,-34.5706348901826,R024,706.0,LA PAMPA@SUPERI,Barrios,POINT (-58.4641540472549 -34.5706348901826)
707,1.0,-58.4620832233833,-34.5712164016993,R024,707.0,"PINO, Virrey del@CONDE",Barrios,POINT (-58.4620832233833 -34.5712164016993)
708,11.9,-58.4581706833229,-34.5708669377492,R024,708.0,ELCANO@ZAPIOLA,Barrios,POINT (-58.4581706833229 -34.5708669377492)
709,2.5,-58.4562164619483,-34.5702339346503,R024,709.0,"AVILES, VIRREY@CRAMER",Barrios,POINT (-58.4562164619483 -34.5702339346503)
710,2.5,-58.4683524736947,-34.5794371844088,R023,710.0,HOLMBERG@GIRIBONE,Barrios,POINT (-58.4683524736947 -34.5794371844088)
711,4.2,-58.4672646079022,-34.5805618540556,R023,711.0,PLAZA@CHARLONE,Barrios,POINT (-58.4672646079022 -34.5805618540556)
712,4.7,-58.4661819923516,-34.5816899645085,R023,712.0,TRONADOR@ROSETI,Barrios,POINT (-58.4661819923516 -34.5816899645085)
713,1.7000000000000002,-58.4648057481584,-34.582825605884,R023,713.0,ESTOMBA@FRAGA,Barrios,POINT (-58.4648057481584 -34.582825605884)
714,2.4000000000000004,-58.463442835515,-34.5839589782701,R023,714.0,HEREDIA@GUEVARA,Barrios,POINT (-58.463442835515 -34.5839589782701)
715,5.5,-58.4413836748151,-34.5744686244502,R026,715.0,"MATIENZO, BENJAMIN,TTE.@CIUDAD DE LA PAZ",Barrios,POINT (-58.4413836748151 -34.5744686244502)
716,1.6,-58.4418782021067,-34.5767719761256,R026,716.0,"DUMONT, SANTOS@CRAMER",Barrios,POINT (-58.4418782021067 -34.5767719761256)
717,3.5,-58.4414396513162,-34.5783322476857,R026,717.0,"ARENAL, CONCEPCION@CONESA",Barrios,POINT (-58.4414396513162 -34.5783322476857)
718,7.800000000000001,-58.4415432667039,-34.5800398021139,R026,718.0,DORREGO@ZAPIOLA,Barrios,POINT (-58.4415432667039 -34.5800398021139)
719,16.7,-58.4413759307532,-34.5817868169942,R026,719.0,AREVALO@GORRITI,Barrios,POINT (-58.4413759307532 -34.5817868169942)
720,5.7,-58.4498153989062,-34.5650665112089,R025,720.0,"PINO, Virrey del@ARCOS",Barrios,POINT (-58.4498153989062 -34.5650665112089)
721,1.0,-58.4502098073742,-34.5662759014875,R025,721.0,"ARREDONDO, Virrey@VUELTA DE OBLIGADO",Barrios,POINT (-58.4502098073742 -34.5662759014875)
722,3.3000000000000003,-58.4500593597919,-34.5691935485647,R025,722.0,ZABALA@CIUDAD DE LA PAZ,Barrios,POINT (-58.4500593597919 -34.5691935485647)
723,4.0,-58.4497966075724,-34.5704244892971,R025,723.0,CESPEDES@AMENABAR,Barrios,POINT (-58.4497966075724 -34.5704244892971)
724,3.8000000000000003,-58.449394998233,-34.5715742842028,R025,724.0,AGUILAR@MOLDES,Barrios,POINT (-58.449394998233 -34.5715742842028)
725,9.3,-58.420543370658,-34.5915780623808,R028,725.0,"COSTA RICA@ACUÃƒÂA DE FIGUEROA, FRANCISCO",Barrios,POINT (-58.420543370658 -34.5915780623808)
726,2.7,-58.4226875387379,-34.5927855227143,R028,726.0,GASCON@EL SALVADOR,Barrios,POINT (-58.4226875387379 -34.5927855227143)
727,21.8,-58.4242863102748,-34.592870969099,R028,727.0,"ALVAREZ, JULIAN@HONDURAS",Barrios,POINT (-58.4242863102748 -34.592870969099)
728,40.7,-58.4260828175451,-34.592789476134,R028,728.0,ARAOZ@GORRITI,Barrios,POINT (-58.4260828175451 -34.592789476134)
729,6.9,-58.4303216415305,-34.5929448349139,R028,729.0,"MALABIA@VEGA, NICETO, Cnel.",Barrios,POINT (-58.4303216415305 -34.5929448349139)
730,3.9000000000000004,-58.4289862112687,-34.57928870814,R027,730.0,HUMBOLDT@CHARCAS,Barrios,POINT (-58.4289862112687 -34.57928870814)
731,18.2,-58.4288893362998,-34.5828076302349,R027,731.0,GODOY CRUZ@GUATEMALA,Barrios,POINT (-58.4288893362998 -34.5828076302349)
732,7.1000000000000005,-58.4286195100133,-34.5840184495362,R027,732.0,FRAY JUSTO SANTAMARIA DE ORO@SOLER,Barrios,POINT (-58.4286195100133 -34.5840184495362)
733,3.0,-58.4288456589268,-34.5853144813984,R027,733.0,URIARTE@NICARAGUA,Barrios,POINT (-58.4288456589268 -34.5853144813984)
734,3.7,-58.4291465280111,-34.5867433548154,R027,734.0,THAMES@COSTA RICA,Barrios,POINT (-58.4291465280111 -34.5867433548154)
735,4.3,-58.4489005518803,-34.5574026183775,R008,735.0,JURAMENTO@MONTAÃƒÂESES,Barrios,POINT (-58.4489005518803 -34.5574026183775)
736,5.1000000000000005,-58.4508699529114,-34.5571372491311,R008,736.0,MENDOZA@ARRIBEÃƒÂOS,Barrios,POINT (-58.4508699529114 -34.5571372491311)
737,5.7,-58.4530774980133,-34.5570545519739,R008,737.0,"OLAZABAL@GOLFARINI, JUAN ANGEL, Dr.",Barrios,POINT (-58.4530774980133 -34.5570545519739)
738,9.8,-58.4545021113426,-34.5564935036307,R008,738.0,BLANCO ENCALADA@3 DE FEBRERO,Barrios,POINT (-58.4545021113426 -34.5564935036307)
739,14.600000000000001,-58.4562067501695,-34.5560814045993,R008,739.0,MONROE@O'HIGGINS,Barrios,POINT (-58.4562067501695 -34.5560814045993)
740,36.4,-58.4223811406217,-34.6017511212305,R029,740.0,"ACUÃƒÂA DE FIGUEROA, FRANCISCO@HUMAHUACA",Barrios,POINT (-58.4223811406217 -34.6017511212305)
741,15.700000000000001,-58.4241029358151,-34.6028624944011,R029,741.0,GASCON@CORRIENTES,Barrios,POINT (-58.4241029358151 -34.6028624944011)
742,5.1000000000000005,-58.425874282753,-34.6043106312961,R029,742.0,PALESTINA@SARMIENTO,Barrios,POINT (-58.425874282753 -34.6043106312961)
743,6.300000000000001,-58.4275762811705,-34.6059465466308,R029,743.0,"PRINGLES@PERON, JUAN DOMINGO, TTE.",Barrios,POINT (-58.4275762811705 -34.6059465466308)
744,29.400000000000002,-58.4291489615767,-34.6071637250382,R029,744.0,YATAY@POTOSI,Barrios,POINT (-58.4291489615767 -34.6071637250382)
746,15.3,-58.4458207903149,-34.5933534724551,R030,746.0,HUMBOLDT@CORRIENTES,Barrios,POINT (-58.4458207903149 -34.5933534724551)
747,2.6,-58.4459498610126,-34.5918275846741,R030,747.0,FITZ ROY@VILLARROEL,Barrios,POINT (-58.4459498610126 -34.5918275846741)
748,3.4000000000000004,-58.4459360348357,-34.5902794224851,R030,748.0,BONPLAND@VERA,Barrios,POINT (-58.4459360348357 -34.5902794224851)
749,3.7,-58.447057780787,-34.5882501949561,R030,749.0,GUEVARA@LEIVA,Barrios,POINT (-58.447057780787 -34.5882501949561)
750,4.1000000000000005,-58.4474634082973,-34.5857654976915,R030,750.0,"ARENAL, CONCEPCION@ROSETI",Barrios,POINT (-58.4474634082973 -34.5857654976915)
751,2.2,-58.4672896522221,-34.5869491574677,R031,751.0,ESTOMBA@GIRARDOT,Barrios,POINT (-58.4672896522221 -34.5869491574677)
752,2.9000000000000004,-58.4671804016827,-34.5886002839352,R031,752.0,HEREDIA@MONTENEGRO,Barrios,POINT (-58.4671804016827 -34.5886002839352)
753,1.9000000000000001,-58.4668953651626,-34.5916508391172,R031,753.0,ELCANO@BALBOA,Barrios,POINT (-58.4668953651626 -34.5916508391172)
754,1.8,-58.467082888195,-34.5932893480967,R031,754.0,PAZ SOLDAN@AVALOS,Barrios,POINT (-58.467082888195 -34.5932893480967)
755,0.9,-58.4671658425584,-34.595022511619,R031,755.0,"YERUA@BIELSA, RAFAEL, Dr.",Barrios,POINT (-58.4671658425584 -34.595022511619)
756,2.3000000000000003,-58.4910404394583,-34.6101558620605,R032,756.0,LASCANO@LLAVALLOL,Barrios,POINT (-58.4910404394583 -34.6101558620605)
757,1.9000000000000001,-58.4906514161306,-34.6091029547144,R032,757.0,GENOVA@CAMPANA,Barrios,POINT (-58.4906514161306 -34.6091029547144)
758,2.6,-58.4898860247348,-34.6078394900008,R032,758.0,ARREGUI@CUENCA,Barrios,POINT (-58.4898860247348 -34.6078394900008)
759,4.2,-58.4894268174166,-34.6061753044781,R032,759.0,SANTO TOME@HELGUERA,Barrios,POINT (-58.4894268174166 -34.6061753044781)
760,4.800000000000001,-58.4892239555478,-34.6041064681091,R032,760.0,"SASTRE, MARCOS@ARGERICH",Barrios,POINT (-58.4892239555478 -34.6041064681091)
761,5.9,-58.4902123221497,-34.6217413942908,R033,761.0,"DIAZ, CESAR, GRAL.@CHIVILCOY",Barrios,POINT (-58.4902123221497 -34.6217413942908)
762,2.6,-58.4904054308712,-34.620149957625,R033,762.0,"MAGARIÃƒÂOS CERVANTES, A.@BAHIA BLANCA",Barrios,POINT (-58.4904054308712 -34.620149957625)
763,2.7,-58.4904887746409,-34.6184472730256,R033,763.0,"CAMARONES@GONZALEZ, JOAQUIN V.",Barrios,POINT (-58.4904887746409 -34.6184472730256)
764,2.5,-58.4908283406529,-34.6169631992223,R033,764.0,SAN BLAS@SAN NICOLAS,Barrios,POINT (-58.4908283406529 -34.6169631992223)
765,8.0,-58.4911577551178,-34.61547067449,R033,765.0,"GARCIA, JUAN AGUSTIN@LAMARCA, EMILIO",Barrios,POINT (-58.4911577551178 -34.61547067449)
766,1.5,-58.4998420789818,-34.6234528454815,R034,766.0,SAN BLAS@BERNALDES,Barrios,POINT (-58.4998420789818 -34.6234528454815)
767,1.5,-58.5015809361126,-34.623084474185,R034,767.0,"GARCIA, JUAN AGUSTIN@PAZ, MARCOS",Barrios,POINT (-58.5015809361126 -34.623084474185)
768,4.6000000000000005,-58.5031655352336,-34.6226205625135,R034,768.0,"GONZALEZ, ELPIDIO@JUAREZ, BENITO",Barrios,POINT (-58.5031655352336 -34.6226205625135)
769,0.7000000000000001,-58.5050518146275,-34.6218936998726,R034,769.0,MIRANDA@ALLENDE,Barrios,POINT (-58.5050518146275 -34.6218936998726)
770,2.3000000000000003,-58.5068398466869,-34.6215074185779,R034,770.0,ALCARAZ@BERMUDEZ,Barrios,POINT (-58.5068398466869 -34.6215074185779)
771,0.4,-58.5050154460447,-34.6323140650857,R035,771.0,MURATURE@MOLIERE,Barrios,POINT (-58.5050154460447 -34.6323140650857)
772,2.5,-58.507103723059,-34.6323016319587,R035,772.0,"MAGARIÃƒÂOS CERVANTES, A.@HUGO, VICTOR",Barrios,POINT (-58.507103723059 -34.6323016319587)
773,1.3,-58.5091692535212,-34.632448261919,R035,773.0,CAMARONES@CORTINA,Barrios,POINT (-58.5091692535212 -34.632448261919)
774,3.7,-58.5110429828761,-34.6325601429753,R035,774.0,SAN BLAS@IRIGOYEN,Barrios,POINT (-58.5110429828761 -34.6325601429753)
775,2.5,-58.5126662843206,-34.6323446222497,R035,775.0,"GARCIA, JUAN AGUSTIN@RUIZ DE LOS LLANOS",Barrios,POINT (-58.5126662843206 -34.6323446222497)
776,5.4,-58.5226519595371,-34.6380235467865,R036,776.0,"VIEDMA, FRANCISCO de@BARRAGAN",Barrios,POINT (-58.5226519595371 -34.6380235467865)
777,3.4000000000000004,-58.5235976299263,-34.6401794842928,R036,777.0,"COSQUIN@FALCON, RAMON L.,CNEL.",Barrios,POINT (-58.5235976299263 -34.6401794842928)
778,2.8000000000000003,-58.5248795262453,-34.641559374337,R036,778.0,IBARROLA@CARHUE,Barrios,POINT (-58.5248795262453 -34.641559374337)
779,2.8000000000000003,-58.5261829658236,-34.6428636727673,R036,779.0,"BOSCH, VENTURA@MONTIEL",Barrios,POINT (-58.5261829658236 -34.6428636727673)
780,1.3,-58.5273728390159,-34.6438144854794,R036,780.0,"PALMAR@SUAREZ, JOSE LEON",Barrios,POINT (-58.5273728390159 -34.6438144854794)
781,1.6,-58.5139435401382,-34.6529893139635,R037,781.0,"SCHMIDL, ULRICO@GORDILLO, TIMOTEO",Barrios,POINT (-58.5139435401382 -34.6529893139635)
782,0.7000000000000001,-58.5140219844015,-34.6507035089603,R037,782.0,ERCILLA@PILAR,Barrios,POINT (-58.5140219844015 -34.6507035089603)
783,1.9000000000000001,-58.513851529602,-34.6485981655127,R037,783.0,"ACASSUSO@LEGUIZAMON, MARTINIANO",Barrios,POINT (-58.513851529602 -34.6485981655127)
784,2.9000000000000004,-58.5142627517946,-34.6470199866523,R037,784.0,PATRON@MURGUIONDO,Barrios,POINT (-58.5142627517946 -34.6470199866523)
785,2.8000000000000003,-58.5141337314589,-34.6449460340402,R037,785.0,GARCIA DE COSSIO@OLIDEN,Barrios,POINT (-58.5141337314589 -34.6449460340402)
786,1.1,-58.5101191642138,-34.6595395016822,R038,786.0,BRAGADO@ANDALGALA,Barrios,POINT (-58.5101191642138 -34.6595395016822)
787,0.7000000000000001,-58.5097076830165,-34.6612102018936,R038,787.0,TAPALQUE@CARHUE,Barrios,POINT (-58.5097076830165 -34.6612102018936)
788,2.0,-58.5092978916452,-34.6628819552112,R038,788.0,"RODO, JOSE E.@GUAMINI",Barrios,POINT (-58.5092978916452 -34.6628819552112)
789,2.4000000000000004,-58.5086541380506,-34.664749081743,R038,789.0,DIRECTORIO@MONTIEL,Barrios,POINT (-58.5086541380506 -34.664749081743)
790,1.9000000000000001,-58.5079411753306,-34.6665174959909,R038,790.0,"TANDIL@SUAREZ, JOSE LEON",Barrios,POINT (-58.5079411753306 -34.6665174959909)
791,1.1,-58.500242240413,-34.6475001931395,R039,791.0,ARTIGAS MANUEL de@ALBARIÃƒÂO,Barrios,POINT (-58.500242240413 -34.6475001931395)
792,4.800000000000001,-58.4994501733273,-34.650642924333,R039,792.0,BRAGADO@POLA,Barrios,POINT (-58.4994501733273 -34.650642924333)
793,0.5,-58.4989978503193,-34.6522640233372,R039,793.0,TAPALQUE@FONROUGE,Barrios,POINT (-58.4989978503193 -34.6522640233372)
794,3.7,-58.4990193665988,-34.6543092884759,R039,794.0,"RODO, JOSE E.@LARRAZABAL",Barrios,POINT (-58.4990193665988 -34.6543092884759)
795,1.3,-58.4988111052005,-34.6557456604401,R039,795.0,CHASCOMUS@PIERES,Barrios,POINT (-58.4988111052005 -34.6557456604401)
796,3.6,-58.4989898391585,-34.6399414643284,R040,796.0,RAFAELA@MANZONI,Barrios,POINT (-58.4989898391585 -34.6399414643284)
797,3.1,-58.4977895805953,-34.6385156432102,R040,797.0,"FALCON, RAMON L.,CNEL.@LEOPARDI",Barrios,POINT (-58.4977895805953 -34.6385156432102)
798,1.4000000000000001,-58.497009406144,-34.6347594062196,R040,798.0,"BACACAY@CALDERON DE LA BARCA, PEDRO",Barrios,POINT (-58.497009406144 -34.6347594062196)
799,0.9,-58.4957758735651,-34.6333770259527,R040,799.0,SARACHAGA@CERVANTES,Barrios,POINT (-58.4957758735651 -34.6333770259527)
800,1.3,-58.4945336391461,-34.632081961761,R040,800.0,"ARANGUREN, JUAN F., Dr.@BERMUDEZ",Barrios,POINT (-58.4945336391461 -34.632081961761)
801,4.1000000000000005,-58.4864067645389,-34.6435600951558,R041,801.0,"RODO, JOSE E.@AMEGHINO, FLORENTINO, Dr.",Barrios,POINT (-58.4864067645389 -34.6435600951558)
802,0.4,-58.4860278873624,-34.6450074667278,R041,802.0,CHASCOMUS@MORETO,Barrios,POINT (-58.4860278873624 -34.6450074667278)
803,3.5,-58.486068810112,-34.6465960291603,R041,803.0,DIRECTORIO@MOZART,Barrios,POINT (-58.486068810112 -34.6465960291603)
804,1.9000000000000001,-58.486102363817,-34.648337836966,R041,804.0,TANDIL@WHITE,Barrios,POINT (-58.486102363817 -34.648337836966)
805,2.4000000000000004,-58.4861824151688,-34.6499627293105,R041,805.0,REMEDIOS@HOMERO,Barrios,POINT (-58.4861824151688 -34.6499627293105)
806,5.800000000000001,-58.4750453244676,-34.6336599085961,R042,806.0,"FALCON, RAMON L.,CNEL.@AZUL",Barrios,POINT (-58.4750453244676 -34.6336599085961)
807,0.9,-58.4757268864597,-34.6349172732084,R042,807.0,RAFAELA@DOLORES,Barrios,POINT (-58.4757268864597 -34.6349172732084)
808,6.2,-58.4759233775313,-34.637132958073,R042,808.0,"BONIFACIO, JOSE@BARADERO",Barrios,POINT (-58.4759233775313 -34.637132958073)
809,1.1,-58.4767783764748,-34.6383760000826,R042,809.0,"RODO, JOSE E.@ACOSTA, MARIANO",Barrios,POINT (-58.4767783764748 -34.6383760000826)
810,4.6000000000000005,-58.4769557344703,-34.6401111052412,R042,810.0,TANDIL@MARTINEZ CASTRO,Barrios,POINT (-58.4769557344703 -34.6401111052412)
811,2.8000000000000003,-58.4813660465759,-34.6312100096982,R043,811.0,BACACAY@BAHIA BLANCA,Barrios,POINT (-58.4813660465759 -34.6312100096982)
812,1.7000000000000002,-58.4804087074835,-34.6298633478044,R043,812.0,"BOGOTA@GONZALEZ, JOAQUIN V.",Barrios,POINT (-58.4804087074835 -34.6298633478044)
813,3.0,-58.4803694925463,-34.6273420715156,R043,813.0,"ARANGUREN, JUAN F., Dr.@SAN NICOLAS",Barrios,POINT (-58.4803694925463 -34.6273420715156)
814,3.0,-58.4797543715665,-34.6260704958167,R043,814.0,"MORON@LAMARCA, EMILIO",Barrios,POINT (-58.4797543715665 -34.6260704958167)
815,2.4000000000000004,-58.4791131126912,-34.6247894133846,R043,815.0,"VALLESE, FELIPE@CONCORDIA",Barrios,POINT (-58.4791131126912 -34.6247894133846)
816,3.3000000000000003,-58.4660752293373,-34.6283881988728,R044,816.0,YERBAL@BOLIVIA,Barrios,POINT (-58.4660752293373 -34.6283881988728)
817,6.5,-58.4651765224438,-34.6268285190666,R044,817.0,"BACACAY@ARTIGAS, JOSE GERVASIO DE,",Barrios,POINT (-58.4651765224438 -34.6268285190666)
818,4.800000000000001,-58.464191973464,-34.6252815808548,R044,818.0,BOGOTA@FRAY CAYETANO RODRIGUEZ,Barrios,POINT (-58.464191973464 -34.6252815808548)
819,5.300000000000001,-58.4627941905081,-34.6222124708607,R044,819.0,"ARANGUREN, JUAN F., Dr.@GAVILAN",Barrios,POINT (-58.4627941905081 -34.6222124708607)
820,1.5,-58.4622244403247,-34.620993272576,R044,820.0,MENDEZ DE ANDES@GRANADEROS,Barrios,POINT (-58.4622244403247 -34.620993272576)
821,0.2,-58.4582491878414,-34.6409571658224,R045,821.0,"RECUERO, CASIMIRO, Tte. Cnel.@ARROTEA",Barrios,POINT (-58.4582491878414 -34.6409571658224)
822,1.8,-58.457827097342,-34.6388009540229,R045,822.0,PRIMERA JUNTA@PEDERNERA,Barrios,POINT (-58.457827097342 -34.6388009540229)
823,1.9000000000000001,-58.4579734089423,-34.6371371039473,R045,823.0,"FERNANDEZ MORENO, BALDOMERO@RIVERA INDARTE",Barrios,POINT (-58.4579734089423 -34.6371371039473)
824,1.0,-58.457865552352,-34.6354196497822,R045,824.0,"LAFERRERE, GREGORIO de@MEMBRILLAR",Barrios,POINT (-58.457865552352 -34.6354196497822)
825,1.7000000000000002,-58.457233624842,-34.6335953381735,R045,825.0,"BILBAO, FRANCISCO@BONORINO, ESTEBAN, Cnel.",Barrios,POINT (-58.457233624842 -34.6335953381735)
826,7.800000000000001,-58.4763238051614,-34.6087222132433,R046,826.0,"SAN BLAS@ARTIGAS, JOSE GERVASIO DE,",Barrios,POINT (-58.4763238051614 -34.6087222132433)
827,4.4,-58.4768257851346,-34.6104145421495,R046,827.0,CAMARONES@BOLIVIA,Barrios,POINT (-58.4768257851346 -34.6104145421495)
828,2.4000000000000004,-58.4772596351689,-34.6120713829092,R046,828.0,"MAGARIÃƒÂOS CERVANTES, A.@CONDARCO",Barrios,POINT (-58.4772596351689 -34.6120713829092)
829,2.9000000000000004,-58.4777711956198,-34.6137696914077,R046,829.0,"DIAZ, CESAR, GRAL.@TERRADA",Barrios,POINT (-58.4777711956198 -34.6137696914077)
830,1.4000000000000001,-58.478711741672,-34.6171230015522,R046,830.0,"BELAUSTEGUI, LUIS, Dr.@ARGERICH",Barrios,POINT (-58.478711741672 -34.6171230015522)
831,3.7,-58.4651868529558,-34.6075747367897,R047,831.0,"DIAZ, CESAR, GRAL.@SANCHEZ",Barrios,POINT (-58.4651868529558 -34.6075747367897)
832,1.7000000000000002,-58.4651317281127,-34.6099411633149,R047,832.0,"BELAUSTEGUI, LUIS, Dr.@TERRERO",Barrios,POINT (-58.4651317281127 -34.6099411633149)
833,14.100000000000001,-58.4657447356858,-34.61169022775,R047,833.0,"TRES ARROYOS@LAMAS, ANDRES",Barrios,POINT (-58.4657447356858 -34.61169022775)
834,6.6000000000000005,-58.4662604896753,-34.6133943593586,R047,834.0,GALICIA@BOYACA,Barrios,POINT (-58.4662604896753 -34.6133943593586)
835,5.1000000000000005,-58.466633918759,-34.6150199702615,R047,835.0,"VIALE, LUIS@GAVILAN",Barrios,POINT (-58.466633918759 -34.6150199702615)
836,20.3,-58.4554423012637,-34.6064790828688,R048,836.0,TRES ARROYOS@ESPINOSA,Barrios,POINT (-58.4554423012637 -34.6064790828688)
837,5.6000000000000005,-58.4556703252637,-34.6083721242642,R048,837.0,GALICIA@PAYSANDU,Barrios,POINT (-58.4556703252637 -34.6083721242642)
838,6.4,-58.4563533432581,-34.6096943228001,R048,838.0,"VIALE, LUIS@FRAGATA Pres. SARMIENTO",Barrios,POINT (-58.4563533432581 -34.6096943228001)
839,1.6,-58.4567656680196,-34.6112135537995,R048,839.0,"FIGUEROA, APOLINARIO, Cnel.@OROÃƒÂO, NICASIO",Barrios,POINT (-58.4567656680196 -34.6112135537995)
840,9.200000000000001,-58.4573283324448,-34.6130368860465,R048,840.0,"GAONA@SEGUI, F. J., ALTE.",Barrios,POINT (-58.4573283324448 -34.6130368860465)
841,1.6,-58.4418817939992,-34.6105031640399,R049,841.0,"ARENGREEN@VIRASORO, VALENTIN",Barrios,POINT (-58.4418817939992 -34.6105031640399)
842,1.9000000000000001,-58.4432797586181,-34.6123029673246,R049,842.0,"VALLESE, FELIPE@COLPAYO",Barrios,POINT (-58.4432797586181 -34.6123029673246)
843,3.9000000000000004,-58.4441644019137,-34.6140371812551,R049,843.0,MENDEZ DE ANDES@ROJAS,Barrios,POINT (-58.4441644019137 -34.6140371812551)
844,4.5,-58.4452285966511,-34.6156242265314,R049,844.0,"ARANGUREN, JUAN F., Dr.@REPETTO, NICOLAS, DR.",Barrios,POINT (-58.4452285966511 -34.6156242265314)
845,5.0,-58.4465912565851,-34.6175544827717,R049,845.0,"AVELLANEDA@GAINZA, MARTIN DE, GRAL.",Barrios,POINT (-58.4465912565851 -34.6175544827717)
846,13.3,-58.4315425125549,-34.6187073830362,R050,846.0,ROSARIO@DOBLAS,Barrios,POINT (-58.4315425125549 -34.6187073830362)
847,3.4000000000000004,-58.4329853650342,-34.6200463107605,R050,847.0,GUAYAQUIL@VIEL,Barrios,POINT (-58.4329853650342 -34.6200463107605)
848,1.8,-58.4337897582278,-34.6211549230125,R050,848.0,FORMOSA@BEAUCHEF,Barrios,POINT (-58.4337897582278 -34.6211549230125)
849,9.1,-58.4346576327648,-34.6230470929648,R050,849.0,"ALBERDI, JUAN BAUTISTA@MORENO, JOSE MARIA",Barrios,POINT (-58.4346576327648 -34.6230470929648)
850,9.1,-58.4362266412392,-34.6245599603615,R050,850.0,VALLE@RIGLOS,Barrios,POINT (-58.4362266412392 -34.6245599603615)
851,0.7000000000000001,-58.4336593682248,-34.6315679218789,R051,851.0,ESTRADA@IGUALDAD,Barrios,POINT (-58.4336593682248 -34.6315679218789)
852,1.1,-58.4347788748643,-34.6324151129082,R051,852.0,RIGLOS@SALAS,Barrios,POINT (-58.4347788748643 -34.6324151129082)
853,2.5,-58.4354738358554,-34.6353643100009,R051,853.0,SANTANDER@PICHEUTA,Barrios,POINT (-58.4354738358554 -34.6353643100009)
854,1.2000000000000002,-58.4366527310238,-34.6367060903747,R051,854.0,"CACHIMAYO@DIAZ, AVELINO",Barrios,POINT (-58.4366527310238 -34.6367060903747)
855,1.2000000000000002,-58.4378162127119,-34.6381418723837,R051,855.0,BALBASTRO@MITRE EMILIO,Barrios,POINT (-58.4378162127119 -34.6381418723837)
856,29.0,-58.4205223768848,-34.6228284390011,R052,856.0,ESTADOS UNIDOS@CASTRO,Barrios,POINT (-58.4205223768848 -34.6228284390011)
857,5.800000000000001,-58.4218605464813,-34.6247807223359,R052,857.0,"CALVO, CARLOS@BOCAYUVA, QUINTINO",Barrios,POINT (-58.4218605464813 -34.6247807223359)
858,14.600000000000001,-58.4228421267991,-34.6264263845227,R052,858.0,SAN JUAN@TREINTA Y TRES ORIENTALES,Barrios,POINT (-58.4228421267991 -34.6264263845227)
859,2.5,-58.4238331841725,-34.627930135492,R052,859.0,"COCHABAMBA@MARMOL, JOSE",Barrios,POINT (-58.4238331841725 -34.627930135492)
860,1.0,-58.424789991611,-34.6302121515658,R052,860.0,TARIJA@MUÃƒÂIZ,Barrios,POINT (-58.424789991611 -34.6302121515658)
861,3.2,-58.4764733920931,-34.6763409362068,R053,861.0,SOMELLERA@MURGUIONDO,Barrios,POINT (-58.4764733920931 -34.6763409362068)
862,1.1,-58.4765645590653,-34.6775965921071,R053,862.0,"GALLO, DELFIN@LEGUIZAMON, MARTINIANO",Barrios,POINT (-58.4765645590653 -34.6775965921071)
863,0.30000000000000004,-58.4767274703516,-34.6796333856323,R053,863.0,"SAYOS@RUCCI, JOSE IGNACIO",Barrios,POINT (-58.4767274703516 -34.6796333856323)
864,0.30000000000000004,-58.4761710984827,-34.6810192579666,R053,864.0,"BATLLE Y ORDONEZ, JOSE P.T@HUDSON",Barrios,POINT (-58.4761710984827 -34.6810192579666)
865,1.2000000000000002,-58.475797278194,-34.6821378481965,R053,865.0,"DE LA TORRE, LISANDRO@UNANUE",Barrios,POINT (-58.475797278194 -34.6821378481965)
866,1.7000000000000002,-58.3712902873908,-34.6328140683474,R054,866.0,GUALEGUAY@RUY DIAZ DE GUZMAN,Barrios,POINT (-58.3712902873908 -34.6328140683474)
867,6.5,-58.3722868306286,-34.6338919588595,R054,867.0,ARZOBISPO ESPINOSA@AZARA,Barrios,POINT (-58.3722868306286 -34.6338919588595)
868,3.0,-58.3730844465313,-34.6349713854137,R054,868.0,"VILLAFAÃƒÂE, WENCESLAO@JOVELLANOS, GASPAR M. de",Barrios,POINT (-58.3730844465313 -34.6349713854137)
869,4.3,-58.3738671067088,-34.636112910154,R054,869.0,"VALLE, ARISTOBULO DEL@ISABEL LA CATOLICA",Barrios,POINT (-58.3738671067088 -34.636112910154)
870,3.5,-58.3762697974967,-34.6380108231769,R054,870.0,"BRANDSEN@HORNOS, Gral.",Barrios,POINT (-58.3762697974967 -34.6380108231769)
871,2.9000000000000004,-58.4139306611692,-34.5797304704091,R055,871.0,LAFINUR@CABELLO,Barrios,POINT (-58.4139306611692 -34.5797304704091)
872,3.8000000000000003,-58.4106369724763,-34.5783810260129,R055,872.0,"UGARTECHE@SEGUI, JUAN FRANCISCO",Barrios,POINT (-58.4106369724763 -34.5783810260129)
873,4.5,-58.4070505535635,-34.5771935486149,R055,873.0,CAVIA@CASTEX,Barrios,POINT (-58.4070505535635 -34.5771935486149)
874,13.200000000000001,-58.404872223837,-34.5765502554734,R055,874.0,"SALGUERO, JERONIMO@FIGUEROA ALCORTA, PRES.",Barrios,POINT (-58.404872223837 -34.5765502554734)
875,2.7,-58.4029283617528,-34.5766925641913,R055,875.0,"SAN MARTIN DE TOURS@CORONADO, MARTIN",Barrios,POINT (-58.4029283617528 -34.5766925641913)
876,22.1,-58.4405135996373,-34.602044508855,R056,876.0,ARAOZ@PADILLA,Barrios,POINT (-58.4405135996373 -34.602044508855)
877,6.0,-58.4439776819758,-34.6022731264074,R056,877.0,"VIALE, LUIS@ACOYTE",Barrios,POINT (-58.4439776819758 -34.6022731264074)
878,4.6000000000000005,-58.4456976524447,-34.6021031599399,R056,878.0,GALICIA@HIDALGO,Barrios,POINT (-58.4456976524447 -34.6021031599399)
879,16.8,-58.4476452341248,-34.6016869914762,R056,879.0,TRES ARROYOS@OLAYA,Barrios,POINT (-58.4476452341248 -34.6016869914762)
880,1.6,-58.4496642669401,-34.6011900225256,R056,880.0,"BELAUSTEGUI, LUIS, Dr.@VIRASORO, VALENTIN",Barrios,POINT (-58.4496642669401 -34.6011900225256)
